temp_avg,rainfall,evaporation,sunshine,windGustSpeed,windSpeed_avg,humidity_avg,pressure_avg,cloud_avg,tomorrow_rain,tomorrow_windspeed,tomorrow_wind,tomorrow_temp_avg
23.425,0,11,10.9,33.5,15.25,69.5,1010.35,4.5,No,56.5,Strong,21.7
21.7,0,7.4,0.9,56.5,23.5,66.5,1014.55,7,No,33.5,Strong,21.6
21.6,0,5.6,12.4,33.5,15.75,54,1017.7,2.5,No,56.5,Strong,23.2
23.15,0,9,13.1,56.5,24.25,56,1015.375,0.5,No,54.5,Strong,25.3
25.3,0,9.6,12.7,54.5,19.5,52.5,1015.125,0.5,No,37,Strong,25.1
25.125,0,11.6,13.1,37,19,58,1020.4,2,No,45,Strong,24.6
24.55,0,8,9,45,19.25,68.5,1020.45,4.5,No,62.5,Strong,31.6
31.625,0,9.8,8.7,62.5,20,31.5,1002.375,6,No,55.5,Strong,22.5
22.45,0,18.4,6.1,55.5,29.5,55.5,1000.85,6,No,41.5,Strong,22.9
22.85,0,8.4,1.4,41.5,23.25,56,1009.675,7,No,48.5,Strong,25.8
25.8,0,6.2,10,48.5,14.5,58,1007.825,4,No,56,Strong,27.3
27.25,0,9.6,1.5,56,22.25,56.5,1006.3,6.5,No,58.5,Strong,22.2
22.15,0,6.2,0,58.5,16.75,76,1010.125,7.5,Yes,59,Strong,20.1
20.05,8.9,2,9.4,59,31.75,61.5,1016.45,4.5,No,44.5,Strong,21.3
21.3,0.1,9.8,10.8,44.5,14,55.5,1018.075,3,No,37,Strong,23.3
23.325,0,6.6,11.4,37,17.75,60.5,1013.2,3.5,No,45.5,Strong,25.4
25.4,0,8.2,12.1,45.5,19,70,1010.175,3,No,82.5,Strong,34.2
34.15,0,9,8.4,82.5,15,36.5,1000.25,1.5,No,49,Strong,22.7
22.725,0.7,12.6,2.3,49,24.25,67.5,1013.6,7,No,31.5,Strong,22.1
22.125,0.2,5,0,31.5,16.5,61,1016.75,7.5,No,38,Strong,23.6
23.625,0.6,4.2,5.3,38,14,63.5,1014.55,7,No,57.5,Strong,26.1
26.05,0,7.4,7.3,57.5,21.5,61,1008.85,4.5,No,60.5,Strong,22.6
22.625,0.1,6.2,2.3,60.5,29,72.5,1015.4,7,No,37,Strong,24.6
24.575,0.1,7.2,10.5,37,22.5,70,1016.525,4.5,No,48,Strong,25.9
25.9,0,4.6,12.8,48,22.75,63.5,1011.675,1.5,No,64.5,Strong,26.7
26.7,0,11.4,8.3,64.5,27.5,69,1011.75,6.5,Yes,47,Strong,21.6
21.6,15.1,8.2,0,47,7,89,1009.15,8,Yes,65,Strong,22.1
22.075,16,2.2,0,65,16.75,90,1008.8,8,Yes,66.5,Strong,22.8
22.8,99.9,5,4.5,66.5,22.25,83.5,1003.325,7,No,30.5,Strong,23.2
23.15,0.7,5.6,8.5,30.5,18.5,65.5,1014.425,3.5,No,57.5,Strong,25.1
25.1,0,5.6,12.2,57.5,25,62.5,1010.725,2,Yes,65,Strong,18.6
18.55,29.1,6.8,0,65,33.75,84.5,1015.35,8,Yes,59,Strong,20.6
20.55,14.4,6.2,0.1,59,34.75,73.5,1020.925,7.5,Yes,55,Strong,21.6
21.55,4.7,4.8,6.8,55,30.5,58,1021.175,6.5,Yes,39,Strong,22.9
22.875,3,6.6,9.6,39,23,51.5,1021.475,3,No,39,Strong,24
24.025,0.1,6,9.1,39,25.5,59,1020.875,4.5,No,42.5,Strong,24
24,0,7.4,7.6,42.5,17.75,63,1019.575,5,No,42.5,Strong,23.7
23.65,0,7.4,11.4,42.5,20,56,1018.6,1,No,34,Strong,23.8
23.775,0,7.8,6.1,34,17,59,1021.3,4,No,43.5,Strong,24.7
24.725,0.3,6.8,6.6,43.5,19.75,59,1020.125,4,No,39,Strong,24.2
24.15,0,7.4,9.8,39,17.5,55,1018.75,5,No,38,Strong,24.2
24.225,0.1,7.8,9.3,38,19.75,69,1020.125,5,No,33.5,Strong,24
23.975,0,6.4,7.9,33.5,15.25,65,1019.675,4.5,No,51.5,Strong,23.8
23.775,0,5.4,11.1,51.5,19.25,58,1012.65,1,No,49.5,Strong,22.3
22.325,0,7.8,1.3,49.5,12.75,73.5,1011.7,6.5,No,46.5,Strong,22.1
22.1,1.6,2.6,2,46.5,26.75,76,1015.9,7,No,35,Strong,24.7
24.7,0.1,4.2,10.7,35,18,65.5,1011.225,2,No,68.5,Strong,20.8
20.8,0.4,6.8,10.8,68.5,33.5,45.5,1014.175,1.5,No,49,Strong,18.4
18.4,0,8.6,10.2,49,23,53,1020.7,2,No,29.5,Common,19.3
19.3,0,6.4,10.7,29.5,16.25,54,1023.625,2.5,No,38,Strong,20.7
20.725,0.8,5.4,9.9,38,16.5,60.5,1023.825,3,No,56.5,Strong,22.8
22.8,0,6.6,8,56.5,21.25,53,1016.775,4.5,No,64,Strong,27
27,0,6.8,4.4,64,24.5,45.5,1012.1,6.5,No,33.5,Strong,24.2
24.15,2.6,8.4,8.5,33.5,13.75,75,1015.2,4.5,No,31.5,Strong,25.1
25.125,0.4,4.8,10.5,31.5,14.75,66,1013.55,1,No,34.5,Strong,23.1
23.075,0,7,11,34.5,17.25,58,1017.925,1.5,No,42.5,Strong,24.5
24.5,0,4.4,4.3,42.5,18.5,72.5,1017.825,7,No,51,Strong,25.1
25.05,0,5.4,10.8,51,14.25,67,1017.275,1,No,50,Strong,27.9
27.85,0,7,7.3,50,10.25,51.5,1014.35,4,Yes,49,Strong,19.2
19.175,3.9,8,8.3,49,23.5,52,1018.175,4,No,37,Strong,19.7
19.65,0,5.2,10.6,37,18,54,1015.2,3.5,No,46,Strong,21.5
21.5,0,5,7.3,46,22.25,57.5,1011.225,6.5,Yes,29.5,Common,20.6
20.55,3.6,6.6,5.8,29.5,14,73.5,1016.675,4.5,No,40,Strong,20.8
20.8,0,3.8,10.9,40,18,55.5,1014.925,1,Yes,53.5,Strong,17.8
17.825,24.3,6.6,0,53.5,29.5,84,1021.25,7.5,Yes,36,Strong,18.4
18.375,51.4,5,0.4,36,13,90,1028,8,Yes,30.5,Strong,19.5
19.45,15.8,0.8,4.3,30.5,9,69.5,1029.375,6.5,Yes,32,Strong,18.6
18.625,5.5,3.6,1.6,32,9.25,84.5,1026.6,6,Yes,24,Common,18.6
18.625,3.3,2.4,7,24,12.5,66.5,1023,3,Yes,26,Common,19.3
19.275,1,3.4,8.3,26,15,65,1024.6,3.5,Yes,32.5,Strong,18.7
18.675,3.4,2.4,3.6,32.5,10.75,81.5,1025.525,4.5,Yes,30.5,Strong,19.7
19.675,2.3,2.2,10.4,30.5,18,62,1022.95,1.5,No,27,Common,20.7
20.675,0,4.6,10.8,27,15.5,54.5,1022.475,1,No,32,Strong,21
20.95,0,4.4,10.3,32,16.25,58.5,1024.3,1,No,39,Strong,20.9
20.875,0,4.8,10.7,39,20.5,58.5,1018.875,1,No,27,Common,22.1
22.1,0,5.4,10.6,27,15.5,57,1012.3,2,No,44.5,Strong,22.4
22.4,0,5.8,5.7,44.5,11,60,1008.8,5.5,Yes,47.5,Strong,19
19,9.3,3.2,4.4,47.5,23,81.5,1014.35,7,No,33.5,Strong,18.2
18.175,0,4,7.7,33.5,14.75,70,1015.375,4,No,51,Strong,19.7
19.675,5.7,2.6,9.1,51,22.75,72,1013.6,3.5,No,70.5,Strong,16.5
16.475,0.4,4.6,10.5,70.5,35.5,47,1013.8,3,Yes,67,Strong,15.6
15.6,36.1,5,1.2,67,28.25,78,1013.7,7.5,Yes,31.5,Strong,15.8
15.75,17.9,2.8,9.7,31.5,13.5,64,1014.275,1,No,36,Strong,19.4
19.4,0.3,2.6,8.1,36,12.5,60.5,1008.9,4,No,46.5,Strong,18.8
18.825,0.1,3.6,10.4,46.5,15.5,49.5,1012.3,1.5,No,35,Strong,17.8
17.8,0,3.6,10.8,35,19.75,44.5,1017.375,1,No,33,Strong,17.8
17.75,0,4.8,10.1,33,18,47,1020.625,1.5,No,41,Strong,19.9
19.9,0,3.4,10.7,41,15,41,1020.875,0.5,No,28,Common,20.1
20.1,0,4.4,9.5,28,17.75,52,1019.725,1,No,34.5,Strong,21.6
21.6,0,4.6,10.1,34.5,12.5,39.5,1017.4,1,No,29.5,Common,20.2
20.15,0,6.2,9.3,29.5,12.5,69,1021.65,2,No,37,Strong,20.1
20.1,0,2.8,4,37,20,79,1024.025,7,No,42.5,Strong,20.6
20.625,0,1.2,7.4,42.5,19.25,76.5,1016.475,6,No,51,Strong,16.6
16.625,0,5.6,7.4,51,24,54,1025.25,2.5,No,32,Strong,17.2
17.15,0,3,10.2,32,17,56,1023.5,4,No,58.5,Strong,19.6
19.6,0,4.4,6.2,58.5,27.5,55.5,1018.2,5,No,40,Strong,15.9
15.875,0,6.4,9.1,40,13,48.5,1023.675,3.5,No,41.5,Strong,14.7
14.725,0,3.4,8.2,41.5,20,66.5,1025.575,5,No,33,Strong,16.2
16.15,0,3,8.8,33,17.75,66,1027.925,4,No,24,Common,17.3
17.25,0,3.4,5.3,24,12.5,61.5,1029.55,5.5,No,25,Common,17.9
17.925,0,1.8,10.2,25,14,61.5,1029,1,No,28.5,Common,17.3
17.275,0,3.6,10,28.5,15.25,66.5,1029.625,1,No,35,Strong,17.4
17.425,0,2,4.3,35,20.75,72,1028.85,5.5,No,29.5,Common,18.1
18.1,0,3.6,7,29.5,14.25,74.5,1024.9,5,No,30.5,Strong,18.6
18.625,0,2,1.8,30.5,11,72,1016.5,7.5,No,42,Strong,17
17,0.1,2.4,6.9,42,20.25,48.5,1012.575,6.5,No,51.5,Strong,15.1
15.1,0.1,2.8,9.8,51.5,22.25,42,1011.4,2,No,53.5,Strong,17.4
17.4,0,5.4,8.3,53.5,28.5,41,1008.8,2.5,No,59,Strong,15.8
15.775,0,4.6,10.1,59,30.25,40,1011.25,1,No,46.5,Strong,15.3
15.25,0,3.8,10.1,46.5,23,40,1013.3,1,No,39,Strong,14.6
14.6,0,3.6,9.1,39,21.5,39.5,1015.475,1.5,No,49,Strong,15.1
15.05,0,4,8.5,49,24.75,46.5,1016.7,3.5,No,55.5,Strong,16.1
16.1,0,4,9.1,55.5,24,48,1014.025,5,No,35,Strong,12.9
12.85,0,2.2,1.3,35,19,75,1012.575,7,Yes,57.5,Strong,14.4
14.425,32.8,5.2,0.7,57.5,22.5,75.5,1013.275,6.5,Yes,51,Strong,16.7
16.65,19.4,2.4,5.8,51,28.25,74,1018.5,7,Yes,35,Strong,15.3
15.3,14.5,3.8,9.4,35,17.25,66,1022.95,1,No,29,Common,14.9
14.9,0,1.8,10.1,29,11.5,58,1024.3,1,Yes,45.5,Strong,14.9
14.925,1.8,3.2,7.1,45.5,22.25,69.5,1028.8,5,Yes,32.5,Strong,16
16,17.4,1.2,3.2,32.5,15.25,82.5,1031.5,8,No,25.5,Common,16.8
16.75,0.1,2,4.9,25.5,14,74.5,1029.575,5.5,No,26,Common,16.9
16.9,0,2.6,5.7,26,14.25,73,1027.525,4.5,No,31,Strong,18.4
18.4,0,1.6,9.1,31,13.5,58,1025.9,3,No,51,Strong,17.9
17.875,0,4,3,51,18,58.5,1016.55,6.5,Yes,80.5,Strong,15.4
15.425,14.8,3,1.8,80.5,29,79,1007.775,7.5,Yes,56,Strong,14.3
14.3,25.5,4.6,9.7,56,20,51,1019.675,1,No,37,Strong,15.3
15.25,0,3.6,9.3,37,17.25,59.5,1025,2,No,28,Common,15.2
15.2,0,3.4,2.3,28,12.75,75.5,1023.675,7.5,No,25,Common,16.4
16.425,0,1.6,2.3,25,12.75,56.5,1021.375,7.5,No,46.5,Strong,19.2
19.15,0,2,1.8,46.5,19,62.5,1019.1,7,No,43.5,Strong,16.2
16.15,0,3,1.5,43.5,16,64,1029.65,7,No,28.5,Common,15.4
15.375,0,7,6.9,28.5,16.25,67,1026.375,5.5,No,27,Common,16
15.95,0,1.4,3.9,27,15.5,77.5,1020.075,5,No,27,Common,15.1
15.05,0.8,0.2,8.5,27,13,67.5,1019.225,4.5,No,39,Strong,13.2
13.15,0,2,1,39,14,83.5,1012.375,6.5,Yes,45.5,Strong,16
16,7.3,0.6,8.6,45.5,19.5,60.5,1005.55,3,No,47,Strong,15.7
15.675,0.1,3.6,7,47,22.5,51.5,1004.05,4,No,51,Strong,15.3
15.275,0,4,5,51,24.5,51.5,1009.925,5.5,No,41,Strong,13.8
13.8,0,3.2,9.5,41,21.25,54,1013.025,3,No,50,Strong,12.7
12.725,0,3.8,3.8,50,22,59,1008.925,6,No,44.5,Strong,13.2
13.2,0,1.6,8,44.5,24.25,62.5,1012.825,1.5,Yes,58.5,Strong,12.3
12.275,13.9,3.2,0,58.5,29.75,76,1021.525,6.5,Yes,41.5,Strong,12.3
12.25,2,2.8,7.2,41.5,23.75,64.5,1022.6,4.5,No,34,Strong,12.3
12.3,0,2,8.1,34,16.25,68,1020.35,3.5,Yes,41.5,Strong,10.8
10.825,2,2.4,0,41.5,15.75,87.5,1024.575,7,Yes,45.5,Strong,11
10.975,56.5,0.4,0.2,45.5,18,92,1027.625,7,Yes,40,Strong,12
12.025,51.7,0.2,0.1,40,13.5,79,1019.725,7,Yes,49,Strong,13.6
13.575,11.1,2.4,0.2,49,14.75,89.5,1015.55,7,Yes,56.5,Strong,15.3
15.25,12.4,1.4,4.3,56.5,31.75,77.5,1019.975,7,No,31.5,Strong,16.2
16.2,2.2,3.4,2.4,31.5,17.5,74.5,1021.75,7,Yes,37,Strong,14.6
14.625,21.5,2.8,0,37,10.5,87.5,1023.075,7,Yes,29.5,Common,13.8
13.825,34.1,3.2,0,29.5,12.75,86,1023.9,8,Yes,42.5,Strong,14
13.975,55.1,2,2.2,42.5,12,89.5,1024.625,6,Yes,23,Common,14.1
14.075,8.3,0.8,9.8,23,11.75,68.5,1023.05,1,No,29.5,Common,14.4
14.375,0,2.2,9.8,29.5,12.5,56.5,1022.8,1.5,No,26,Common,13.9
13.925,0,2.2,9.5,26,16,63,1022.5,0.5,No,42,Strong,15.8
15.825,0,2.6,9.8,42,17.5,46.5,1013.775,0.5,No,60.5,Strong,17
16.95,0,4,9.7,60.5,28,35,1010.775,1,No,37,Strong,12.8
12.775,0,4.2,9.8,37,17,38,1019.025,0,No,34,Strong,12.7
12.7,0,4,9.5,34,15,46.5,1026.225,1,No,39.5,Strong,12.9
12.925,0,2.2,9.1,39.5,18.25,52.5,1030.8,1.5,Yes,39,Strong,11.3
11.325,1.9,3,1,39,16,82.5,1034.4,6,Yes,27,Common,12.3
12.325,8.7,1.2,2.7,27,14,77,1032.55,6.5,No,28,Common,13
12.975,0,1.2,8.2,28,13.75,72.5,1033.725,3.5,No,30,Common,14.4
14.375,0.1,1.2,8.4,30,12.25,64,1029.05,1,No,22.5,Common,12.9
12.85,0,3,5,22.5,8.5,70.5,1028.25,6.5,No,26,Common,13.8
13.75,0,1,8.5,26,14,68,1026.85,6,No,30.5,Strong,16.6
16.625,0.3,3.6,1.7,30.5,10.75,65,1023.175,7,Yes,28,Common,17.9
17.85,1,0.2,3.4,28,11.5,76.5,1023.325,5.5,Yes,24,Common,18.1
18.1,3,1.8,8.7,24,8.25,65.5,1022.125,3.5,No,32.5,Strong,18
18,0,2.4,3.9,32.5,12.75,75,1021.025,7,No,54.5,Strong,18.1
18.1,0,3.2,1.6,54.5,19.25,65,1013.525,5.5,No,56.5,Strong,17.5
17.45,1,2.4,8.9,56.5,22.5,47,1007.225,2,No,54,Strong,12.6
12.6,0.2,6.4,10.1,54,29.5,33,1014.475,1,No,54,Strong,12.8
12.8,0,3.8,9.9,54,20.5,37.5,1017.875,2,No,46,Strong,12.4
12.35,0,3.2,8,46,18.25,48.5,1019.2,4,No,53.5,Strong,13.4
13.4,0,4,4.8,53.5,24.5,54.5,1026.425,3.5,No,29.5,Common,13.4
13.35,0,3,8.6,29.5,13.25,48,1028.15,2,No,28.5,Common,14.2
14.225,0,3.4,9.3,28.5,13,49.5,1024.5,3,No,29,Common,13.2
13.2,0,1.8,9.9,29,18.25,54.5,1029.5,1,No,30.5,Strong,13.8
13.775,0,3.6,6.8,30.5,12.5,66.5,1027.725,6,No,35,Strong,16.9
16.85,0,2.6,10.2,35,15.25,44.5,1022.925,3.5,No,52.5,Strong,15.9
15.875,0,3.4,3.4,52.5,10.75,57,1018.775,5.5,Yes,47.5,Strong,14.9
14.9,8,2.6,8.1,47.5,26,74.5,1023.25,5.5,No,32.5,Strong,13.3
13.3,0,3.4,10.1,32.5,17.75,60,1021.675,2.5,No,34,Strong,14.8
14.825,0,2.2,6.8,34,18.25,53,1015.35,5,No,41.5,Strong,15.2
15.2,0,3.6,10,41.5,9.25,38,1014.05,2.5,No,53.5,Strong,15.4
15.4,0,4.2,8.5,53.5,19.75,39,1012.975,5.5,No,51,Strong,15.2
15.225,0,3.8,10,51,16.25,38.5,1015.525,1.5,No,56.5,Strong,18
17.95,0,5.6,8.7,56.5,27.5,34,1009.875,5,No,38,Strong,14.2
14.15,0.7,4.8,8.3,38,20,50.5,1011.45,4.5,Yes,61,Strong,11.4
11.35,9.8,3.8,1.3,61,28.75,83.5,1009.1,7,Yes,33,Strong,12.8
12.775,4.6,0.6,6.7,33,15.25,47.5,1016.4,5.5,No,35,Strong,17.1
17.125,0,4,10.6,35,12.5,36.5,1014.625,0.5,No,32,Strong,15.5
15.475,0,3.8,10.4,32,13.5,42.5,1015.8,1,No,94,Strong,18.5
18.5,0.1,3.8,5.4,94,29.5,38,1004.975,5,No,39,Strong,15.8
15.825,0,5.8,10.8,39,12.5,26.5,1012.875,1,No,47.5,Strong,18.2
18.225,0,4.2,10.7,47.5,25,26.5,1010.5,1.5,No,56.5,Strong,14
14,0,8,10.7,56.5,25,36.5,1019.35,1,No,44.5,Strong,14.2
14.2,0,3.6,10.7,44.5,23.25,44.5,1020.225,0,No,58,Strong,18.2
18.15,0,6.2,10.5,58,25.75,33.5,1008.3,2.5,No,42.5,Strong,16.7
16.725,0,6.6,10.7,42.5,21.75,29,1014.225,0.5,No,65.5,Strong,17.4
17.375,0,7.8,9.9,65.5,24,25,1008.275,3.5,No,56.5,Strong,12.3
12.3,0,6.2,10.8,56.5,29,33,1012.875,1,No,51,Strong,12.6
12.625,0,3,10.3,51,21,39,1014.875,2.5,No,51,Strong,12.9
12.925,0,5.6,6.7,51,22.75,36.5,1011.95,7,No,56,Strong,15.3
15.275,0,4,2.5,56,27.75,41,1009.325,7,No,40.5,Strong,17.1
17.075,0,4,10.8,40.5,24.5,47,1020,3,No,32.5,Strong,16.6
16.6,0,4.2,10.7,32.5,16.5,55.5,1022.1,1,No,34,Strong,16.6
16.6,0,3.6,9.6,34,14.75,45.5,1022.45,4.5,No,27.5,Common,16.3
16.325,0,2.2,9.4,27.5,15.5,60.5,1020.25,3,No,39,Strong,16.9
16.9,0,3,10.8,39,20.25,55.5,1020.825,1.5,No,57.5,Strong,16.9
16.875,0,3.8,6.7,57.5,17,62,1021.85,6.5,No,41,Strong,20.7
20.65,0,5.2,10.2,41,19,46,1013.025,1,No,31.5,Strong,19.4
19.4,0,5.8,8.2,31.5,16.5,47,1020.725,5.5,No,30.5,Strong,17.2
17.2,0,4.8,10.1,30.5,19.5,52,1027.5,1,No,29,Common,17.7
17.7,0,4,11,29,17,52,1030.1,4,No,32,Strong,17.4
17.35,0,4.2,10.4,32,16.5,56,1032.625,1,No,45.5,Strong,17.5
17.475,0,3.8,10.1,45.5,19.75,55.5,1031.05,1,No,28,Common,20.8
20.8,0,5.8,10.1,28,13,44,1025.1,3,No,30.5,Strong,19.6
19.625,0,5,8.5,30.5,17.75,73,1025.05,7,No,44.5,Strong,23.7
23.675,0,3.2,9.1,44.5,17.75,56,1020.175,4.5,No,44.5,Strong,19.3
19.25,0,4.6,1.7,44.5,15.5,77.5,1024.625,7,No,33,Strong,21
21.025,0,2.2,5.1,33,16.5,67,1017.35,4.5,No,75,Strong,26.3
26.325,0,7.4,9.7,75,41,18.5,1002.75,3,No,49.5,Strong,19.6
19.575,0,11.6,6.8,49.5,20.25,29,1010.25,4,No,77,Strong,18
17.95,0,6.4,10.2,77,16.5,31,1012.75,2.5,No,41,Strong,14.2
14.2,0,5.6,6.1,41,23,58.5,1019.975,7,Yes,54,Strong,18.1
18.075,4.2,3.4,8.4,54,24.75,69,1010.2,4,No,31.5,Strong,16
15.975,0.4,4,6.2,31.5,13.25,70,1017.35,6,Yes,81.5,Strong,16.4
16.375,0.7,2.2,0,81.5,21.75,84,1013.075,8,Yes,64.5,Strong,19.7
19.725,47.2,5,5.7,64.5,27.25,55,999.375,5.5,No,50,Strong,20.6
20.55,0.2,6.8,10.7,50,26.5,36.5,1000.925,3.5,No,58.5,Strong,19.1
19.1,0.1,7.6,11.2,58.5,26.75,26,1004.325,0.5,No,70.5,Strong,17
16.95,0,6.2,10.3,70.5,26.5,30,1007.2,4,No,38,Strong,16.1
16.075,0,7,11,38,21,44,1013.55,1.5,No,29.5,Common,17.8
17.825,0,4.6,10.5,29.5,16.5,50,1013.175,1.5,No,27,Common,19
19.025,0,5.4,10.9,27,11.5,48.5,1009.6,1,No,42.5,Strong,23.3
23.325,0,7.4,5.3,42.5,8.25,29,1002.15,6,No,46.5,Strong,22.5
22.5,0,6.4,10.7,46.5,19.75,33.5,1007.725,0.5,No,87,Strong,24.2
24.15,0,8.4,11.4,87,30.25,21.5,1004.225,0,No,43.5,Strong,17.8
17.75,0,12.2,11.4,43.5,19.25,32.5,1018.225,0,No,73,Strong,20.7
20.725,0,8,11.5,73,27.25,25,1008.125,1,No,50,Strong,18.5
18.5,0,9.8,10.8,50,17.5,33,1016.1,1,No,39.5,Strong,20.4
20.4,0,6.4,10.6,39.5,16.5,36.5,1013.475,4.5,No,85,Strong,25.8
25.8,0,8.6,3,85,42.5,30,1004.275,7,No,48,Strong,19.9
19.925,0,9.8,11.2,48,20.5,25,1011.475,4,No,63,Strong,16.7
16.675,0,10,3.7,63,32,41,1012.65,3,Yes,45.5,Strong,14.7
14.675,3,3.8,10.6,45.5,18.75,42,1020.825,1.5,No,29,Common,18.7
18.7,0,5.2,9.2,29,16.25,42.5,1013.375,5,No,36,Strong,22.6
22.6,0,5.6,11.2,36,14.75,29.5,1007.625,2.5,No,60.5,Strong,18.4
18.35,0,9.8,10.4,60.5,33.75,58,1011.05,2,No,50,Strong,17.7
17.675,0.6,5.8,11.2,50,17,59,1014.975,3,No,32.5,Strong,20.2
20.15,0,5,11.9,32.5,18.75,43,1015.95,0,No,77,Strong,27.5
27.45,0,10,10,77,22.25,12,1006.225,4,No,65.5,Strong,19.8
19.775,0,13.2,10,65.5,23.75,56,1012.95,3,No,36,Strong,20.1
20.05,0,5.8,11.2,36,19.75,61.5,1012.7,0,No,80.5,Strong,26.6
26.575,0,6.6,10.8,80.5,32,25.5,999.125,1.5,Yes,48,Strong,16.2
16.175,4.2,15.2,6.7,48,28.25,42,1014.6,3.5,No,37,Strong,17.4
17.375,0,5.8,12.1,37,21.25,35.5,1020.575,0.5,No,52.5,Strong,20.4
20.375,0,6.4,11.7,52.5,23,29,1015.575,1,No,80.5,Strong,26
26.025,0,11.2,5.2,80.5,38.75,14,1004.35,7,No,49,Strong,17.5
17.475,0,13.4,11.2,49,21.25,39,1025.45,2,No,40.5,Strong,17.9
17.85,0,6.8,12.1,40.5,20.75,46,1026.225,0,No,48,Strong,20.9
20.9,0,7.2,10.9,48,16.5,59.5,1018.875,2.5,No,43.5,Strong,23.7
23.7,0,6.2,10.3,43.5,17.75,46,1013.925,3,No,56.5,Strong,23.3
23.3,0,9.4,0.6,56.5,16,71.5,1014.025,7.5,Yes,73,Strong,26.9
26.9,3.7,2.8,11.9,73,32,29.5,1003.475,2,No,67.5,Strong,20.7
20.675,0,12.4,12.5,67.5,31.75,29.5,1012.45,1,No,39.5,Strong,18
18.025,0,10.8,10.4,39.5,24.75,29,1021.175,0.5,No,43.5,Strong,18.2
18.2,0,8.8,11.6,43.5,28.25,37,1020.075,4,No,39,Strong,18.6
18.625,0,6,9.1,39,19,51,1021.5,5,Yes,55.5,Strong,19.3
19.325,14.7,3.2,5.7,55.5,18.25,71.5,1016.925,4.5,No,93.5,Strong,21
20.975,2.6,4.8,5,93.5,22.25,73,1007.575,7,No,52,Strong,17.3
17.325,0.5,7.4,12,52,12.5,54.5,1018.9,4,No,39,Strong,19.5
19.525,0,5.4,9.8,39,9.75,56,1020.65,3,No,43,Strong,19.8
19.775,0,8,7.7,43,9.75,59.5,1021.95,7,No,35,Strong,22.3
22.275,0,5.6,7.1,35,8.75,59.5,1015.225,7,No,76,Strong,26.6
26.6,0,7.6,7.4,76,13.5,25.5,1008.225,6.5,No,63,Strong,17.1
17.125,0,11.2,11.7,63,23.25,44,1023.225,1,No,40.5,Strong,17.4
17.4,0,9.8,4.3,40.5,18.5,56.5,1027.325,6,No,46.5,Strong,17.2
17.2,0,4.6,12.2,46.5,22.25,50.5,1021.725,1,No,49,Strong,21.9
21.85,0,8,11.9,49,19.25,50.5,1014.5,0.5,No,66,Strong,24.8
24.775,0,9.4,8.3,66,21,41.5,1008.475,4.5,No,51,Strong,27.2
27.2,0.2,10.4,9.5,51,20.75,39.5,1006.5,3.5,Yes,53,Strong,17.5
17.525,6.9,9.6,0.7,53,25.75,74.5,1017.35,7.5,Yes,57.5,Strong,16.8
16.75,30.2,9.4,0,57.5,37,91.5,1017.275,7.5,Yes,30.5,Strong,19
18.975,13.8,1.8,4.9,30.5,4.75,77,1012.55,7.5,Yes,40.5,Strong,21.9
21.875,7.6,3.2,13,40.5,22.25,50.5,1012.7,2,No,38,Strong,22.4
22.35,0,9.6,13.2,38,20.75,35.5,1012.775,0.5,No,59.5,Strong,19.7
19.65,0,7.8,8,59.5,18,67,1015.3,4.5,Yes,51,Strong,18.3
18.275,51.7,5,5.6,51,27.75,76,1015.35,7,Yes,55.5,Strong,16.7
16.675,26,5.6,0,55.5,27.75,83,1014.975,7.5,Yes,60,Strong,17.4
17.425,12.4,4,0,60,33.75,88,1011.95,8,Yes,43.5,Strong,20.5
20.5,16.7,2,10.3,43.5,22,68,1010.925,4,No,38,Strong,21.3
21.3,0.1,6.8,12,38,18,66.5,1011.525,2.5,No,52,Strong,22.9
22.85,0,6.2,9.8,52,25.5,59.5,1011.525,5.5,Yes,73.5,Strong,22.6
22.55,2.6,9.8,2.9,73.5,36,70.5,1007.85,7,Yes,36,Strong,21.5
21.45,8.8,4,9.3,36,10.5,70,1004.45,4,Yes,45.5,Strong,20.3
20.25,2,5,13,45.5,18,56,1005.75,1.5,No,69.5,Strong,19.5
19.5,0,8.2,10.3,69.5,25,66.5,1008.625,5,Yes,48.5,Strong,18.6
18.625,2.3,7.4,7.7,48.5,23.75,55.5,1016.6,4,No,35.5,Strong,19
18.975,0,5.6,12.6,35.5,18.5,48,1016.5,1,No,51.5,Strong,22.4
22.425,0,8,11.2,51.5,21,54,1008.225,6.5,No,64,Strong,20.2
20.175,0.1,10.6,0,64,23.25,78.5,1007.375,7.5,Yes,50,Strong,18.5
18.45,5.6,3.4,7.3,50,25,57,1019.2,4.5,No,35,Strong,18.6
18.55,0,7,7.5,35,12.75,57,1024.725,4.5,No,40.5,Strong,20.5
20.475,0,5,12.1,40.5,19,44,1021,4.5,No,53.5,Strong,20.7
20.65,0,8,13.3,53.5,23.75,48,1015.525,1.5,No,60.5,Strong,23
23.025,0,8.8,7.9,60.5,18,57,1003.325,6,Yes,86,Strong,22.9
22.875,3.7,8,8.4,86,29.75,57,997.025,6.5,No,56.5,Strong,17.6
17.625,0,10,13.6,56.5,26.75,36,1012.55,1,No,32.5,Strong,19.6
19.55,0,7.6,12.6,32.5,17.5,40,1019.375,4.5,No,49,Strong,21.7
21.675,0,7.2,11.4,49,22.25,48.5,1016.25,2.5,No,55,Strong,25.3
25.275,0,10,4.1,55,12.25,46.5,1006.525,7,No,56.5,Strong,28.6
28.625,0,8,12,56.5,22.75,34,1002.6,1,No,37,Strong,23.3
23.275,0,11.2,13.2,37,21,34,1007.3,2,No,51,Strong,22.9
22.85,0,10.4,9.7,51,23.5,62,1010.875,4,No,51,Strong,23.3
23.325,0,6.8,13,51,20.25,62.5,1011.175,1,No,52,Strong,23.3
23.25,0,8.8,9.8,52,32.75,64,1015.025,4,Yes,33.5,Strong,21.6
21.575,3.7,7.8,2,33.5,13.5,73.5,1017.825,6,Yes,38,Strong,21.8
21.75,12.6,7,6.4,38,19,74,1019.925,5,No,48,Strong,22.8
22.75,4,3.6,11.9,48,21.75,51.5,1020.55,3.5,No,37,Strong,23.2
23.225,0,10,12.9,37,22.25,54,1023.5,2,No,60.5,Strong,23.3
23.25,0,9,12.9,60.5,27.5,56.5,1020.575,1.5,No,42,Strong,28.2
28.175,0,10,10.1,42,14.5,46.5,1013.775,2.5,No,59,Strong,24.3
24.25,0,11.6,9.9,59,34.75,67,1016.15,3.5,No,57.5,Strong,25.8
25.75,0,8,6.9,57.5,15.75,63.5,1010.425,7,No,64.5,Strong,29.1
29.125,0,7.6,4,64.5,12.5,50,1005.75,7,No,46.5,Strong,20.6
20.6,0,6.6,0,46.5,24,60,1018.475,7,No,36,Strong,20
19.95,0.5,3.6,0,36,12,88.5,1017.875,8,Yes,48.5,Strong,22.2
22.225,18.4,1.2,9.5,48.5,19.75,69.5,1011.5,4,Yes,35,Strong,21.6
21.6,1.5,6.2,10.5,35,17,69.5,1011.675,5,No,55.5,Strong,22.8
22.8,0,5.6,12.4,55.5,25.75,59,1009.95,2.5,No,83.5,Strong,21.9
21.925,0,10.2,11.7,83.5,40.75,60.5,1011.225,1.5,No,45.5,Strong,21.8
21.75,0,11.4,10.2,45.5,19.75,47,1013.525,3,No,37,Strong,23
22.975,0,6.4,10.6,37,17,56,1012.15,1.5,No,52,Strong,23.8
23.825,0,7.4,5.9,52,23.25,59.5,1012.95,6.5,No,57.5,Strong,29.5
29.475,0,8,3.5,57.5,20.25,51.5,1002.95,7,No,39,Strong,24
24,0.3,5.6,5.6,39,22.25,55,1002.575,6.5,No,61,Strong,23.5
23.525,0,7.4,11.2,61,23.25,58,1002.9,1,No,65.5,Strong,24
24.025,0,8.2,12.2,65.5,22.75,62,1008.025,4,No,46.5,Strong,25.6
25.6,0,9.4,12.8,46.5,24,29,1008.175,1,No,49,Strong,20
19.975,0,11.4,1.7,49,26.5,60.5,1018.825,6,Yes,39.5,Strong,19.5
19.475,3,7.6,0.4,39.5,16.25,67.5,1023.15,7,No,37,Strong,20.8
20.825,0.1,3.8,2,37,20.5,47,1023.725,7,No,45.5,Strong,22.8
22.8,0.5,6.6,9.3,45.5,18,67,1020.925,4.5,No,36,Strong,25
24.95,0,7.2,10.9,36,15,54,1016.625,1.5,No,38,Strong,24.7
24.7,0,10.4,10.3,38,18.25,69.5,1017.375,2.5,No,34,Strong,23.2
23.175,0,7.6,11.5,34,15.25,60,1021.075,4,No,48,Strong,23.8
23.825,0,7.2,12,48,21.25,52,1020.9,2,No,60.5,Strong,25.7
25.7,0,10,12.8,60.5,19.25,54,1019.825,0.5,No,43.5,Strong,25.5
25.45,0,10.8,13.1,43.5,21,58.5,1017.85,0,No,57.5,Strong,25.3
25.3,0,10.4,12.8,57.5,18.5,58,1015.3,1,No,54,Strong,25.1
25.05,0,10.6,13.1,54,19.25,54.5,1010.9,0,No,44.5,Strong,24.1
24.1,0,10.8,6.1,44.5,20.75,73.5,1009.55,6.5,No,40.5,Strong,23.8
23.8,0.1,4.2,2.8,40.5,18.5,75,1008.7,6.5,Yes,31.5,Strong,22.5
22.45,3.6,5,0.6,31.5,18,72.5,1009.15,7,Yes,45.5,Strong,21.4
21.4,3.2,2.8,0,45.5,25.75,68.5,1018.85,7,No,34,Strong,22.7
22.65,0.3,4.4,4.6,34,22.5,53.5,1022.1,6,No,57.5,Strong,23.6
23.6,0,7.4,1.5,57.5,26.75,62,1010.875,8,Yes,58.5,Strong,21.8
21.75,2.9,5.6,8,58.5,33.5,58,1013.475,4,No,32,Strong,19.7
19.725,0.5,8.6,2.3,32,15,62.5,1024,7,No,47,Strong,21.5
21.45,0.1,3.6,12.7,47,20.75,50.5,1023.3,3,No,61,Strong,23.7
23.65,0,9.4,13,61,28.25,46.5,1019.875,1,No,50.5,Strong,25.3
25.275,0,12,13,50.5,17,51,1015.425,0.5,No,57.5,Strong,25.2
25.175,0,9.6,13,57.5,25.75,46.5,1018.325,1.5,No,48,Strong,24.6
24.625,0,12.6,13,48,25.5,44.5,1013.4,1,No,40.5,Strong,24.8
24.75,0,11,10.6,40.5,20.5,69,1013.95,4.5,No,47.5,Strong,25.4
25.375,0,7.2,12.7,47.5,29.25,57,1015,2,No,60.5,Strong,25.1
25.1,0,12,11.6,60.5,33.75,49,1013.775,0.5,No,64,Strong,23
22.95,0,12,1.2,64,27.5,76.5,1018.325,7.5,Yes,43.5,Strong,21
21,2,5.2,3.1,43.5,28.25,55.5,1023.2,6.5,Yes,29.5,Common,20.5
20.5,0.8,7.2,3.2,29.5,14,56.5,1019.075,7.5,No,45.5,Strong,21.1
21.125,0.1,4.2,12.3,45.5,21.25,54.5,1016.4,1,No,49,Strong,23.9
23.925,0,9.2,12.1,49,17.75,52,1017.125,0,No,52.5,Strong,24.9
24.9,0,9.6,12.9,52.5,19.75,56.5,1017.125,1,No,67.5,Strong,22.9
22.85,0.1,10.4,0.2,67.5,24,73,1018.55,7,No,33,Strong,23.5
23.45,0,7.2,4,33,13,72,1016.225,5,No,37,Strong,24.3
24.275,0.1,6,4.3,37,23.25,70.5,1016.025,7,Yes,44.5,Strong,24.9
24.925,2.3,4.6,7.5,44.5,22.5,58.5,1013.175,6,No,29.5,Common,22.9
22.9,0.5,8.8,0,29.5,12.75,77,1007.275,8,No,30.5,Strong,23.5
23.525,1.8,2.2,0,30.5,13.5,84,1001.525,8,Yes,55,Strong,23.3
23.275,5.3,2.4,0,55,17.75,86.5,1000.475,8,Yes,37.5,Strong,22.1
22.1,19.6,7,8.3,37.5,18.25,73,1013.5,5.5,No,28.5,Common,22
21.95,0,2.4,2.7,28.5,10.25,72,1011.45,7,No,38,Strong,25
24.975,0,2.2,1.8,38,12.5,83.5,1003.475,7.5,Yes,33,Strong,24.5
24.45,18.9,4.2,11.2,33,18,44,1007.825,3.5,No,44.5,Strong,22.2
22.225,0,11.4,11.9,44.5,23.75,41,1015.925,1,No,35,Strong,21.9
21.85,0,5.8,9.2,35,19.75,66.5,1019.825,5.5,No,40,Strong,22.5
22.45,0,8,10.7,40,25,54.5,1022.675,1.5,No,37,Strong,23.1
23.05,0.1,6.4,11,37,14.75,62.5,1019.4,1.5,No,53,Strong,23.8
23.775,0,7.4,11.8,53,19.75,58.5,1015.7,2,No,48.5,Strong,26.9
26.9,0,9.8,6.2,48.5,12.5,49,1010.875,6.5,Yes,49,Strong,21.1
21.1,5.3,5.2,0.2,49,29.5,83.5,1018.25,7,Yes,45,Strong,20.6
20.55,1.2,3.2,0,45,24.5,77,1022.65,7.5,Yes,35,Strong,20.8
20.825,9.6,1.6,0,35,11.5,81.5,1019.85,7.5,Yes,40,Strong,20.6
20.625,5.4,2.4,1.2,40,16.5,86.5,1020.45,7.5,Yes,36,Strong,22.3
22.3,2.4,3.8,3.8,36,11.25,78,1024.725,5,Yes,25,Common,22.5
22.5,3.1,2.6,3.3,25,11.5,69.5,1024.9,7,No,54.5,Strong,23.7
23.675,0.1,4,7.7,54.5,15,62,1016.225,2,Yes,52.5,Strong,22.9
22.925,6.8,7,5.8,52.5,25,72,1018.5,7,No,34,Strong,23.4
23.425,0.2,5.2,7.5,34,15.5,65,1019.45,4.5,No,42.5,Strong,24.6
24.6,0,5.6,8.9,42.5,16.75,68,1022.075,4.5,No,34,Strong,23.7
23.725,0.1,6.4,11.1,34,14.75,57.5,1022.225,3.5,No,39,Strong,25.2
25.175,0.1,6.8,11,39,21,55,1022.425,2.5,No,39.5,Strong,24
24,0,8.6,10.8,39.5,17,54.5,1022.4,1,No,36,Strong,24.2
24.2,0,8.2,6.2,36,11,59,1016.825,6.5,Yes,50,Strong,22.1
22.125,29.2,7,6.2,50,19.5,73.5,1019.4,4.5,No,45.5,Strong,23.3
23.25,0.1,4,7.9,45.5,20.25,60,1016.5,3.5,No,70.5,Strong,23.8
23.8,0,7.8,5.8,70.5,14.5,61,1010.65,5.5,Yes,57,Strong,24.3
24.3,7.5,5.8,5.8,57,14,62,1005.025,4.5,Yes,39,Strong,21.6
21.6,4.4,6.2,11.2,39,18.5,35.5,1015.95,1,No,33,Strong,23.2
23.2,0.1,7.2,10.4,33,18.25,43,1019.8,3,No,53.5,Strong,22.9
22.9,0,6.6,10.1,53.5,23.75,68,1023.75,3.5,No,36,Strong,24
23.975,0,6.2,9.2,36,12.5,57,1025.55,3,No,40,Strong,24.2
24.15,2.6,6,5.2,40,17.5,62,1020.65,5.5,No,41.5,Strong,23.5
23.5,0,6,9.5,41.5,15.75,62,1016.05,2.5,No,38,Strong,24.1
24.1,0.7,5.2,7.2,38,13.25,68,1015.425,5,No,63,Strong,21.5
21.5,0.2,6.2,0,63,27,86.5,1015.9,8,Yes,33,Strong,21.1
21.125,23.4,4.2,6.5,33,12,74,1019.825,4,No,41.5,Strong,22.6
22.6,0.4,2.8,0,41.5,10,82.5,1021.875,7,Yes,44.5,Strong,21.6
21.625,20.4,2.8,0,44.5,7.75,81,1021.175,8,Yes,25,Common,21.5
21.5,6.9,1,0,25,11.5,75,1015.15,7.5,No,43.5,Strong,21.7
21.675,1,3.6,5.6,43.5,22,72.5,1015.2,6.5,No,35,Strong,22.8
22.75,0.1,3.6,10.1,35,18,67.5,1019.675,3,Yes,26,Common,21.3
21.3,3.2,5,10.2,26,15,70,1021,4.5,No,34,Strong,22.5
22.525,0,3.2,6.2,34,15,66.5,1018.475,7,No,28.5,Common,22.7
22.725,0,4.8,10.9,28.5,16.5,74.5,1016.125,1.5,No,36,Strong,23.4
23.425,0,3,8.8,36,18.5,71.5,1016.125,4,No,46.5,Strong,20.9
20.85,0.1,6,0,46.5,18.25,82,1017.5,8,Yes,60,Strong,21.4
21.375,5.1,9.2,6.4,60,19.75,76,1017.8,5,Yes,53.5,Strong,19.3
19.3,2.8,4.6,1.1,53.5,16,86,1020.9,7.5,Yes,42.5,Strong,19.1
19.075,17.3,4.2,3.3,42.5,15.25,68,1024.475,6,Yes,24,Common,20.3
20.3,3.6,5.2,1.2,24,14,63.5,1021.95,6.5,No,25,Common,20.2
20.15,0,0.4,4.6,25,14.25,61.5,1019.6,7,No,18.5,Common,21.1
21.1,0,2.6,0,18.5,10,77,1014.8,7.5,Yes,44.5,Strong,23.3
23.25,5.3,1.6,3.7,44.5,17.5,61,1004.2,6,Yes,63,Strong,19.5
19.5,6.5,3.8,0.7,63,31,76.5,1011.525,6.5,Yes,53,Strong,18.4
18.35,2.6,1.4,1,53,25,84,1016.475,7,Yes,47.5,Strong,16.9
16.875,2.6,3.6,3.3,47.5,22.75,71,1019.575,5.5,Yes,51,Strong,17.5
17.475,2.9,3.4,3.5,51,26,65,1019.525,7.5,Yes,45.5,Strong,18.3
18.275,22.4,3.2,9,45.5,25.25,66,1018.575,4,No,46.5,Strong,17.8
17.775,0,5.2,9,46.5,21.75,53.5,1018.5,3,No,39.5,Strong,19.9
19.925,0,2.2,10.8,39.5,16.75,47,1013.975,2.5,No,47.5,Strong,18.4
18.375,0,3.8,10.7,47.5,23.75,54,1015.675,1,No,30.5,Strong,18.1
18.1,0,5.2,10.4,30.5,17.75,55.5,1016.5,2,No,31.5,Strong,18.7
18.7,0,4,9.7,31.5,17.25,41,1019.8,2,No,25,Common,19
19.025,0,4,7.9,25,13.5,48,1016.775,7,No,25,Common,19.3
19.3,0,4.2,9,25,14.75,47,1016.225,5,No,46.5,Strong,22.1
22.1,0,3.8,9.1,46.5,16,37,1012.425,6.5,Yes,41.5,Strong,19.9
19.875,3.4,4.6,3.2,41.5,15.75,74,1021.175,4.5,Yes,30.5,Strong,19.5
19.525,7,2,1.2,30.5,11.25,65,1013.25,7,No,41.5,Strong,17.8
17.8,0.4,2.2,0,41.5,22.75,83.5,1023.25,6,Yes,23,Common,18.4
18.375,11.4,1,2.8,23,11.5,70,1023.925,6,No,32,Strong,20.3
20.3,0,3,8.5,32,16.75,63.5,1015.45,4,Yes,47,Strong,21.5
21.45,3.4,5,7.1,47,18.5,56.5,1012,4.5,No,33,Strong,16.4
16.35,0,5.2,10.2,33,15.5,50,1015.725,1,No,51.5,Strong,17.9
17.9,0,2.8,7.3,51.5,21,49,1004.35,4,Yes,54.5,Strong,13.8
13.8,1.9,5.6,1.1,54.5,25.5,62,995.7,7,Yes,59.5,Strong,15.6
15.6,4.2,3.8,8.5,59.5,32.25,42.5,1002.825,3,No,38,Strong,15.6
15.575,0,5.4,10.4,38,18.5,40.5,1017.325,2,No,37,Strong,16.2
16.2,0,3.4,8.2,37,19.25,50,1019.85,4,No,46.5,Strong,15.3
15.3,0.1,3.2,9.7,46.5,24.5,53,1023.375,2.5,No,50,Strong,15.2
15.2,0,5.8,6.2,50,22,64.5,1025.2,4,Yes,28,Common,16.5
16.45,4.2,3,3,28,13,71,1024.95,5.5,No,31.5,Strong,18.3
18.3,0.2,2.2,5.2,31.5,16.25,62,1021.9,5,No,45.5,Strong,18.5
18.5,0.4,2,8.3,45.5,20.25,68,1022.075,2,No,43.5,Strong,17.1
17.125,0.1,4,8.8,43.5,20.75,65.5,1029.275,2.5,Yes,27,Common,18
18.025,9.8,4.8,8.8,27,15,61.5,1028.8,2,No,31.5,Strong,17.9
17.925,0.1,1.8,9.5,31.5,16.75,62.5,1027.475,1.5,No,24,Common,17.5
17.475,0,4,10,24,14,63,1026.9,1,No,28,Common,18.7
18.7,0,3.2,9.9,28,14,49.5,1028.075,0.5,No,27,Common,18.4
18.4,0,4,9.1,27,13,52,1028.45,4.5,No,20,Common,18.7
18.65,0,3.4,2.8,20,11.5,51.5,1026.7,7,No,27,Common,19.7
19.7,0,2.4,7.5,27,13,49.5,1024.175,4,No,26,Common,19.9
19.85,0,3.2,4.7,26,12,51.5,1021.175,7,No,31.5,Strong,18.6
18.6,0,3.6,9.8,31.5,13,64.5,1023.5,2,No,26,Common,19.9
19.925,0,2.2,9.4,26,11.25,51,1021,1,No,25,Common,19.7
19.65,0,4,8,25,14,50,1015.4,4,No,39.5,Strong,20.4
20.35,0,4.8,7.4,39.5,15,52.5,1014.675,4,No,29.5,Common,20.8
20.75,0,3.4,7.1,29.5,17.5,60,1017.65,3.5,No,30.5,Strong,19.3
19.25,0,3.4,9.4,30.5,15.5,65,1022.05,6,No,51,Strong,20.4
20.375,0,2.6,3,51,20.25,56.5,1014.2,7,No,49,Strong,20.7
20.725,0,5.6,9.6,49,27.25,38,1013.525,1,No,40.5,Strong,16.9
16.85,0,5.4,7.7,40.5,20.75,59.5,1022.6,3.5,No,38.5,Strong,17.7
17.675,0,4.4,5.2,38.5,18.75,70.5,1025.7,4.5,Yes,33,Strong,17.8
17.825,2.5,1,7.5,33,16.75,73,1024.8,4.5,Yes,47,Strong,18
18.025,17.5,5,0.4,47,19.5,81.5,1019.15,7.5,No,32.5,Strong,17.4
17.375,0.9,2,5.9,32.5,11.5,65.5,1015.975,5,No,46.5,Strong,15.5
15.525,0,1.8,9.9,46.5,16.75,52,1017.275,1,No,33,Strong,16.4
16.35,0,3.6,9.6,33,17.75,62.5,1023.425,2,Yes,34.5,Strong,16.5
16.475,18.5,4,0.4,34.5,16,90,1024.825,7.5,Yes,52,Strong,15.3
15.25,25.7,7.2,0.5,52,28.25,83.5,1025.425,7,Yes,44.5,Strong,14.3
14.275,4.1,2.4,7.8,44.5,22.5,63.5,1026.05,4,No,50,Strong,13.7
13.7,0,3.6,6.3,50,24.5,61,1026.325,5,Yes,50,Strong,13.4
13.375,1.9,2.6,5.1,50,18.5,72,1027.775,4,Yes,39.5,Strong,15.2
15.15,11.5,2,3.6,39.5,19.75,69.5,1029,4,Yes,29.5,Common,14.8
14.775,4.1,2.2,5.6,29.5,13.5,75.5,1024.65,6,No,28,Common,15.9
15.875,0,1,5.8,28,12.5,63,1020.35,6.5,No,26,Common,15.9
15.85,0,2.4,3.3,26,13.5,62.5,1017.125,7,Yes,34,Strong,16.3
16.325,4.4,2.4,3.9,34,17.5,70.5,1010.6,5,No,55,Strong,13.7
13.675,0.2,2.6,1.2,55,22.5,55.5,1008.625,7,No,44,Strong,14.7
14.675,0.4,0.8,9.7,44,15.5,50.5,1019.525,1,No,45.5,Strong,14.3
14.25,0,4.4,9.1,45.5,22.25,53.5,1023.675,3,No,37,Strong,15.4
15.425,0,1.8,9.4,37,15.75,60,1029,1,No,26,Common,15.8
15.775,0,1.8,8.5,26,16.25,65,1025.3,3,No,30.5,Strong,16.8
16.775,0,4.6,6.3,30.5,7.5,57.5,1017.85,4,No,31.5,Strong,15.7
15.725,0,2.4,9.5,31.5,16.25,52,1019.4,1,No,30.5,Strong,15
14.975,0,3.4,4.4,30.5,10.25,64,1021.425,4,No,44.5,Strong,13.4
13.425,0,0.6,1.8,44.5,19.5,63,1011.575,7,No,81,Strong,14.3
14.325,0,6.2,9.7,81,38.25,37,1005.3,1,No,80.5,Strong,14.5
14.525,0,4,9.7,80.5,38.25,37,1012.5,1,No,42.5,Strong,16.1
16.1,0,4.8,9.8,42.5,18.25,36,1018.325,3,No,31.5,Strong,15.4
15.375,0,4,8.1,31.5,11.5,50.5,1018,7,No,95,Strong,17.3
17.325,0,5,6.9,95,30.5,30,1003.425,4.5,No,65,Strong,13.6
13.575,0,7,9.6,65,32.5,36,1004.55,2,No,50,Strong,13
12.95,0,3.8,9.4,50,24,39.5,1015.5,1,No,38,Strong,13.6
13.625,0,3,9.3,38,15.5,49,1024.45,1,No,37,Strong,13.4
13.4,0,3.8,9.6,37,20,50.5,1026.3,1,No,26,Common,12.5
12.45,0,1.2,9.6,26,15.5,59.5,1025.225,1,No,29,Common,14.1
14.1,0,2.4,9.9,29,12,44,1018.875,0.5,No,52.5,Strong,13.2
13.175,0,3.6,9.6,52.5,23.75,43,1014.075,1,No,46.5,Strong,13
13.025,0,4,9.9,46.5,22.75,41,1012.225,1,No,43.5,Strong,13.6
13.6,0,3,9.2,43.5,21.5,46,1013.15,1.5,No,35,Strong,13.5
13.475,0,3.8,9.7,35,14,52,1014.3,1,No,74,Strong,13.8
13.825,0,2.6,9.4,74,18,34.5,1003.5,0.5,No,67.5,Strong,13.1
13.1,0.7,5.8,9.8,67.5,33.5,39,1005.375,1.5,No,43.5,Strong,14
14.025,0,4,9.9,43.5,22.75,41.5,1016.65,0.5,No,52.5,Strong,12.3
12.3,0.1,3.4,9.5,52.5,25.5,44,1018.25,0.5,No,46,Strong,10.8
10.775,0,3.6,9.6,46,24.75,52,1027.35,2,No,36,Strong,11.6
11.575,0,3.2,5.1,36,18.25,62.5,1030.475,6,Yes,24,Common,13.2
13.15,1.4,0.4,0,24,8.25,78,1023.5,7.5,Yes,40,Strong,15.1
15.125,1.7,1.2,3.9,40,14.75,69.5,1012.225,5,No,57.5,Strong,14.8
14.825,0.1,2,9.4,57.5,26.75,40,1010.5,2,No,64,Strong,12.2
12.175,0,4,7.9,64,38,38.5,1011.275,3,No,70,Strong,11.4
11.35,0,4.6,3.2,70,29.25,55.5,1021.275,6,No,54,Strong,12.4
12.425,0.1,4,1.1,54,27,66,1025.25,7,No,32,Strong,13.2
13.2,0,2,7.5,32,18.5,65.5,1025.025,7,No,26,Common,13.4
13.425,0,1.4,9.6,26,16.25,70.5,1023.4,2,No,22,Common,13.5
13.525,0.1,3.2,6.7,22,14,68,1023.5,4,No,22,Common,14
14.025,0,0.6,2.4,22,11,61,1020.7,6,No,46.5,Strong,14.6
14.55,0,2.8,2.6,46.5,14.25,69,1021.325,7,Yes,37,Strong,15
15.025,6.9,2,4.2,37,17.5,69,1022.55,5.5,Yes,34,Strong,14.4
14.425,3.1,1.8,10.2,34,18,52.5,1022.975,1,No,45,Strong,13.9
13.85,0,3.2,6.7,45,16.25,47.5,1019.625,6.5,No,44,Strong,17.9
17.875,0,4,5.1,44,24,34,1015.35,4,No,42.5,Strong,18.5
18.45,0,6.2,10.2,42.5,16.25,34,1016.175,3.5,No,60,Strong,19.5
19.525,0,6.6,10.1,60,32,28,1010.5,0.5,No,76,Strong,17.4
17.375,0,8.4,10,76,26.5,28,1008.05,1,No,49,Strong,11.1
11.075,0,6.4,10,49,31,41.5,1025.75,1,No,29.5,Common,10.8
10.775,0,3.8,9.5,29.5,16.75,51,1033.15,1,No,28.5,Common,12.2
12.15,0,2.6,10.1,28.5,18.5,59.5,1032.4,3.5,No,35,Strong,13.6
13.625,0,1.6,10.2,35,18.25,56.5,1031.1,0.5,No,35,Strong,14.4
14.35,0,2.6,10.1,35,15.75,44.5,1029.325,1,No,42.5,Strong,14.7
14.65,0,4.6,6.8,42.5,19.5,45.5,1028.575,3.5,No,26,Common,13.4
13.35,0.8,2.6,4,26,16,75,1030.875,5,No,27,Common,14.4
14.425,0,1.8,6.8,27,15,73,1027.2,5.5,No,37,Strong,16.5
16.525,0,3,3.5,37,10,34.5,1019.975,3.5,No,51,Strong,10.9
10.85,0.4,3.4,4.5,51,24,52.5,1025.25,6,Yes,48,Strong,10.4
10.35,24.8,5.6,3.9,48,20.5,80.5,1029.05,7,Yes,42.5,Strong,11.9
11.9,18.8,3.6,10.1,42.5,24,60.5,1032.55,2,No,32.5,Strong,12.1
12.125,0.1,2.8,10.3,32.5,20.25,57,1033.75,1.5,No,29.5,Common,13
13,0,3.4,9.3,29.5,16,64.5,1029.05,1,No,28.5,Common,12.6
12.55,0,1.2,0.3,28.5,13.5,74.5,1021.425,7,Yes,44.5,Strong,14
13.95,32.1,5,2.2,44.5,25.5,83,1007.3,7.5,Yes,76,Strong,13.5
13.475,28.6,5,0,76,43.5,95,1003.4,8,Yes,75,Strong,14.8
14.825,37.6,4.4,3,75,37.25,74.5,1015.925,7,Yes,48,Strong,13
12.975,8.7,4.6,5,48,24.25,62,1024.55,6.5,Yes,45.5,Strong,13.8
13.75,11.9,2,7.1,45.5,22.75,80,1028.15,5,Yes,34.5,Strong,14.7
14.725,6.7,2.4,10.1,34.5,17.25,74,1030.4,4.5,Yes,35,Strong,14.1
14.1,4.7,3.2,2.9,35,13.5,91.5,1030.4,6,Yes,23,Common,15.1
15.075,3.8,0.2,7.3,23,12.5,71,1028,3,No,41.5,Strong,15.1
15.1,0,3.2,8.9,41.5,15.5,69.5,1024.05,1,Yes,54,Strong,14
13.95,15.2,4.6,0,54,10.25,90,1023.5,7.5,Yes,55,Strong,15.9
15.9,21,3.2,5.3,55,30.25,69.5,1024.55,6,Yes,49,Strong,15.8
15.825,13.8,6.6,8.8,49,26.25,61,1026.325,3,Yes,57.5,Strong,13.3
13.25,1.9,3.8,5.4,57.5,27.5,77,1025.325,5.5,Yes,56.5,Strong,14.1
14.125,2.8,3.8,2.7,56.5,26.5,87.5,1022.725,7.5,Yes,38,Strong,15.9
15.925,2.1,1,9.5,38,17.75,61.5,1019.15,1,No,32,Strong,17.6
17.55,0,3.2,8.7,32,14.75,58.5,1013.8,5.5,No,59,Strong,16.3
16.325,0.1,5.2,1.5,59,16.5,63,1008.55,6,Yes,79.5,Strong,12.4
12.35,5.1,4.2,7.7,79.5,39.5,49,1012.75,5.5,No,63,Strong,12.9
12.9,0.1,3,8.3,63,35.5,56,1015.45,4.5,Yes,51,Strong,13
13,4.3,3.6,8.7,51,27.75,67.5,1021.725,2.5,Yes,45.5,Strong,14.8
14.8,8.9,3.2,2.3,45.5,21,82.5,1029.1,7,Yes,33,Strong,14.8
14.825,14.4,3.6,6.9,33,18.25,81,1030.125,4.5,No,39,Strong,15.5
15.5,1.8,2.4,10.5,39,20.25,68,1026.8,1.5,No,46.5,Strong,18.1
18.05,0,5,10.3,46.5,24.5,53.5,1015.9,2.5,Yes,61,Strong,19
19,5.4,6.8,8.3,61,22.25,53.5,1008.6,5,No,54.5,Strong,18.9
18.925,0.1,5.2,10.9,54.5,15.5,31.5,1015.1,1,No,46.5,Strong,15.9
15.85,0.1,6.8,1.8,46.5,16.75,59.5,1024.95,5.5,No,30.5,Strong,15.7
15.7,0.4,2.4,3.8,30.5,13.5,73.5,1025.175,5.5,No,33,Strong,18.2
18.15,0.8,2.8,9.5,33,15.25,66,1018.275,0.5,No,33.5,Strong,16.9
16.9,0,3.8,10.1,33.5,16.5,64.5,1016.8,3,No,59,Strong,18.7
18.725,0.2,4.8,5.1,59,23.75,67,1007.675,4.5,No,60,Strong,17.7
17.725,0,5.2,10.7,60,34.75,29,1011.15,4.5,No,46,Strong,15.4
15.4,0,7,10.8,46,27.75,34,1017.875,2,No,31,Strong,15.3
15.325,0,5.4,9.7,31,19.5,41.5,1020.375,7,No,43.5,Strong,14
14,0,4.2,11,43.5,18.5,49,1024.15,1,No,35.5,Strong,15.6
15.55,0.7,3.6,8,35.5,18.5,59.5,1028.9,4,No,29.5,Common,16.3
16.275,0.1,4.8,10.6,29.5,13.75,53.5,1030.5,2.5,No,40,Strong,16.4
16.4,0,4,10.9,40,18,50.5,1028.1,0,No,40,Strong,17.9
17.9,0,5.4,10.7,40,14.5,60.5,1019.55,1.5,No,59,Strong,21
20.95,0,6.2,1.2,59,12.5,63,1010.8,7,Yes,45.5,Strong,17.2
17.2,3.3,3,8.3,45.5,23.5,58.5,1016.925,5,No,35,Strong,17.4
17.35,0.2,5,11.1,35,19,53,1020.25,3,No,53.5,Strong,18.4
18.375,0.1,5.4,11.2,53.5,25.5,50,1018.875,0,No,39,Strong,24.6
24.55,0,8,10.6,39,18,21.5,1012.675,1,No,56.5,Strong,25
25,0,8,6.8,56.5,19.5,27,1010.2,4.5,No,62,Strong,18.1
18.125,0,12,11.3,62,30.5,27.5,1018.125,1,No,33.5,Strong,17.6
17.6,0,7.2,11.1,33.5,16.25,40.5,1019.475,0.5,No,32,Strong,17
17.025,0,5.8,6.3,32,13.75,59.5,1020.35,5.5,No,41.5,Strong,19.5
19.5,0,3,8.5,41.5,25.5,67.5,1017.775,4,No,67.5,Strong,24.2
24.2,0,4.4,10.6,67.5,14,39,1014.325,1,No,51.5,Strong,21.9
21.875,0,8.8,8.3,51.5,15.75,64,1015.7,4.5,No,57.5,Strong,22.8
22.75,0,8,7.7,57.5,26.5,36.5,1008.05,4,Yes,39,Strong,17.8
17.8,4.8,4.6,3.7,39,20.75,67,1018.35,4.5,No,40,Strong,18.1
18.075,0,4.8,8.5,40,16.5,54.5,1021.625,1,No,40.5,Strong,19
19.025,0.1,4.8,7.9,40.5,21.25,52,1017.35,6,No,39,Strong,21.2
21.175,0,5.4,11.1,39,18.25,63.5,1015.35,1,No,57.5,Strong,21.7
21.675,0,7.8,11.2,57.5,20.75,57.5,1015.375,0.5,No,66.5,Strong,21.8
21.825,0,8.8,5,66.5,15.75,64,1006.45,7.5,Yes,91.5,Strong,15.8
15.775,10.4,5.8,3,91.5,21.75,45.5,1008.525,6.5,Yes,90,Strong,13.2
13.225,88.8,5,0.1,90,37.5,66.5,1012.625,7.5,No,34.5,Strong,16.3
16.275,0.3,4,11.7,34.5,18.5,49.5,1017.05,4,No,52,Strong,15.7
15.7,0,4,8.8,52,27.5,68,1024.8,5,No,29.5,Common,16.8
16.775,0.1,7.6,6.2,29.5,14.5,54.5,1028.575,4,No,43.5,Strong,18.7
18.725,0,2.6,12,43.5,18.5,50,1024.95,1,No,74.5,Strong,17.8
17.825,0,10.6,4,74.5,34,68,1029.2,7.5,No,33,Strong,17.2
17.15,0.2,2.6,0,33,19,48.5,1031.65,7.5,No,48,Strong,18.5
18.525,0,5,9.2,48,20,50,1024.475,4,No,28,Common,21.4
21.375,0,6,10.7,28,14.25,56.5,1016.925,2.5,No,52.5,Strong,22.8
22.825,0.1,5.8,7.1,52.5,24.5,71,1017.3,5.5,No,40,Strong,22.9
22.925,0.2,6,8.4,40,20,73.5,1014.5,3.5,No,47,Strong,25
24.975,0.4,5,11.2,47,20.25,67,1009.15,2.5,No,76.5,Strong,25.9
25.85,0,6.6,8.9,76.5,32.5,42,1005.2,6,No,46.5,Strong,22.7
22.675,0,7.8,10.4,46.5,21.5,23.5,1010.275,1.5,No,41.5,Strong,20.3
20.275,0,7.2,11.4,41.5,18.5,50,1016.5,1.5,No,36,Strong,23.9
23.85,0,5.8,12.6,36,15.5,43.5,1013.5,2.5,No,45.5,Strong,23.8
23.775,0,9.2,11.7,45.5,15.75,46,1010.65,3.5,No,76,Strong,29.2
29.175,0,10,10.6,76,29.5,33.5,1000.8,3.5,Yes,60.5,Strong,18.2
18.15,1.8,15,12.9,60.5,28.25,24,1017.975,1,No,38,Strong,17.9
17.85,0.1,7.8,6.8,38,18.5,57.5,1024.575,3.5,No,49,Strong,19.7
19.7,0,6.6,8.8,49,23.5,58,1021.6,4.5,No,69.5,Strong,21.3
21.25,0,6,3.8,69.5,27,69.5,1014.875,7,Yes,52,Strong,18.9
18.925,2.9,5.6,9.5,52,30.5,66,1014.375,6,No,33.5,Strong,19.5
19.475,0,6.2,11.9,33.5,16,57,1019.5,4.5,No,46.5,Strong,19.6
19.55,0,6.4,12.3,46.5,19.25,59,1020.575,1,No,55.5,Strong,20.4
20.375,0,6.8,10.9,55.5,26.25,63,1018.275,3.5,No,38,Strong,21
20.95,0,8,3.2,38,18.5,69.5,1017.575,7,No,37,Strong,19.5
19.45,0,4.2,5.1,37,17,61.5,1019.95,7,No,36,Strong,19.4
19.35,0,4.6,6.1,36,14.25,59,1017.9,3.5,No,43.5,Strong,21.3
21.325,0,6.8,6.6,43.5,22.75,63,1017.4,7,No,77.5,Strong,26.7
26.675,0,4.8,11.2,77.5,15,50,1009.1,5,No,43.5,Strong,21
21,0,12.8,2.3,43.5,17.5,60.5,1009.925,8,Yes,79.5,Strong,23.3
23.3,5.7,5,7.3,79.5,35.75,56.5,1003.325,5,No,37,Strong,20.1
20.125,0.2,7,12.6,37,20,42.5,1012.85,2.5,No,45.5,Strong,21.9
21.875,0,8,11.7,45.5,23.5,60.5,1016.625,2,No,43.5,Strong,21.5
21.475,0,8,10.1,43.5,21.25,60,1020.175,6,No,48.5,Strong,25.2
25.175,0,6.8,10.6,48.5,19,55,1011.325,6.5,No,63,Strong,28.8
28.775,0,8.4,11,63,19.25,51,1006.1,2,No,40.5,Strong,22.8
22.75,0,10,9.3,40.5,15.75,57.5,1013.775,5.5,No,50.5,Strong,25.8
25.75,0,6,10.6,50.5,14.75,55.5,1009.4,3,No,34,Strong,25.6
25.575,0,7.2,6.4,34,19.25,73.5,1011.175,6,Yes,52,Strong,23.2
23.225,3.9,6.6,5.6,52,22.5,60,1014.725,6,No,45.5,Strong,21.9
21.875,0,7.4,7.3,45.5,22.25,58,1018.175,6.5,No,45.5,Strong,19.9
19.9,0.2,7.6,0,45.5,24.75,68.5,1022.275,6.5,No,40.5,Strong,20.3
20.3,0,3.4,11.9,40.5,16.75,46.5,1022.65,2.5,No,47.5,Strong,21.6
21.6,0,7.4,11.8,47.5,20.75,58,1017.35,3,No,49,Strong,23.6
23.55,0,8,8.4,49,22.25,60.5,1012.525,3,Yes,50,Strong,23.9
23.85,2.6,9.8,8,50,19.5,61,1009.325,6.5,Yes,65,Strong,24.6
24.55,6.7,8.6,10.7,65,24,62,1010.225,4,No,65.5,Strong,26.4
26.4,1,8.4,7.6,65.5,16,57,1011.225,5.5,Yes,59,Strong,24.3
24.25,16.4,8,0,59,19.25,72.5,1010.775,7,Yes,46.5,Strong,23.9
23.9,13.8,11,6.9,46.5,18,57,1006.9,6,Yes,38,Strong,24.1
24.1,1.2,5.6,6.6,38,18.25,61.5,1005.85,6.5,Yes,43.5,Strong,23.5
23.475,11.2,7.8,8.9,43.5,16.25,69.5,1004.925,3,Yes,73,Strong,25.5
25.525,21.7,8.6,7.5,73,13,61.5,1006.45,6.5,No,34,Strong,22.5
22.525,0.9,7.4,2.1,34,21,70.5,1014.7,6.5,No,36,Strong,22.7
22.725,0,5,2.6,36,20,69.5,1013.05,6.5,Yes,72.5,Strong,21.6
21.575,8.8,3.4,0.7,72.5,26.25,87,1007.125,7,Yes,66,Strong,19.7
19.675,11,6,7,66,35.5,57,1017.9,3,No,45,Strong,20.5
20.475,0,8.4,9.7,45,25.25,52.5,1017.875,4.5,No,41.5,Strong,20.3
20.325,0,8,10.8,41.5,17,53,1012.425,3,No,42.5,Strong,22.4
22.425,0,8,13,42.5,18.25,50.5,1011.425,1,No,71.5,Strong,23.1
23.1,0,11.4,8.7,71.5,32.5,61,1003.575,5,No,69,Strong,21.3
21.275,0,7.6,5.8,69,29,58,1007.125,4.5,No,36,Strong,22.4
22.4,0,6.8,5.6,36,17,72,1007.9,7,No,62.5,Strong,20.9
20.875,0,6.6,10.8,62.5,29.5,51.5,1012.825,1,No,34,Strong,20.7
20.65,0,8.4,9.5,34,17,50.5,1017.55,3,No,52.5,Strong,22
21.95,0,7,12.6,52.5,20.25,58.5,1017.25,1,No,59,Strong,24.2
24.2,0,9.2,8.8,59,28.25,62,1015.775,4,No,44.5,Strong,24.3
24.25,0,8.2,4.6,44.5,17.75,79.5,1014,7.5,Yes,55,Strong,22.6
22.6,2.1,5,3.3,55,29.75,79.5,1013.825,7,No,54.5,Strong,23.9
23.875,0,5.8,5.3,54.5,21.25,70,1008.525,7,Yes,56.5,Strong,24.4
24.4,21.2,4,8.9,56.5,30,68.5,1009.625,4.5,No,32,Strong,20.4
20.4,0,10.6,0,32,14.5,50.5,1020.875,7,No,31.5,Strong,21.9
21.925,0,4,2,31.5,10.25,66.5,1017.55,7,No,50,Strong,23
22.95,0,5.4,12.6,50,22.75,61.5,1006.825,1,No,54,Strong,25.5
25.475,0,8,12.7,54,20.75,49,1005.525,0,No,48,Strong,22.5
22.45,0,9.6,8,48,20.5,59,1015,3.5,No,47.5,Strong,25.4
25.425,0.1,6.8,11,47.5,24,64.5,1012.825,2,No,43.5,Strong,24.6
24.575,0.1,9.2,3.6,43.5,17.75,79.5,1018.4,7,No,56.5,Strong,26.1
26.125,0,4,12,56.5,22.25,67.5,1018.725,2,No,60.5,Strong,27.4
27.375,0,10.2,8.9,60.5,18,62.5,1014.2,4,No,38,Strong,23.3
23.3,0.1,10,3.4,38,16,75,1019.1,7,No,30.5,Strong,24.9
24.9,0.1,4,11.8,30.5,16.25,71.5,1020.35,4,No,48,Strong,26.5
26.45,0,6.6,12.4,48,22.25,52,1019.3,2,No,69,Strong,25.4
25.35,0,9.2,13,69,21.25,52,1013.825,1,No,52.5,Strong,26.9
26.85,0,13.6,8.7,52.5,22.5,63,1009.05,1.5,No,63,Strong,25.2
25.2,0.2,7.4,1,63,11,78,1009.925,7.5,Yes,40.5,Strong,21.7
21.725,20.8,7.4,0,40.5,19.75,93.5,1013.1,8,Yes,58.5,Strong,22.1
22.075,8.4,5,3.3,58.5,30.5,76,1014,7,Yes,51,Strong,24.2
24.15,4.7,5.4,7.5,51,15.75,81.5,1007.85,5.5,No,55,Strong,27.9
27.85,0.5,6.2,12.7,55,19.75,43,998.05,1.5,No,37,Strong,25
25.025,0,11,11.7,37,19,53,1004.125,1.5,No,34,Strong,24.8
24.75,0,8.2,12.9,34,15.25,62,1007.15,2.5,No,44.5,Strong,28.4
28.35,0,3.2,13.4,44.5,17,29.5,1006.5,0.5,No,39,Strong,24.6
24.625,0,10.2,11.8,39,19.75,62.5,1010.9,5.5,No,46,Strong,21.8
21.775,0.2,10.4,0.1,46,29.25,64.5,1015.175,8,Yes,49,Strong,22.1
22.1,4.9,3.4,7.3,49,26.75,72,1013.125,6.5,Yes,53.5,Strong,24.1
24.075,15.5,7.4,10.5,53.5,14,65,1010.8,4,No,39,Strong,25.6
25.6,0.1,8.4,11.7,39,16.75,60.5,1013.25,3,No,54,Strong,26.7
26.65,0,8,10.5,54,23.75,63,1008.5,4.5,No,47.5,Strong,26.7
26.65,0,9.2,9.8,47.5,22.75,57,1006.4,1,No,64,Strong,28.6
28.55,0.8,8,11.2,64,16,57,1002.225,3.5,No,44.5,Strong,20.4
20.375,0.5,10.6,0,44.5,24.5,85,1013.225,8,Yes,40,Strong,19.6
19.625,25.7,5.4,0,40,18.25,94,1012.975,8,Yes,48.5,Strong,19.1
19.05,50.1,7.2,2.3,48.5,18.75,90,1013.4,7.5,Yes,61,Strong,19
18.95,10.1,2.8,12.2,61,31,54,1011.9,3,No,45.5,Strong,20.5
20.5,0,8.8,11.2,45.5,21.25,40.5,1007.5,2,No,28.5,Common,21.4
21.425,0,5.8,11.7,28.5,14.75,51,1006.975,2,No,42.5,Strong,22.7
22.675,0,9.4,7,42.5,18.75,67,1009.475,6.5,Yes,64,Strong,21.3
21.275,1.7,6.6,8.7,64,32.5,70.5,1015.725,4.5,No,45.5,Strong,22.3
22.25,0.5,8.6,9.8,45.5,24.25,61.5,1018.825,3.5,Yes,49.5,Strong,21
21,0.6,6.4,6.6,49.5,22.25,64,1015.725,6.5,Yes,49,Strong,21.4
21.4,4.7,7.2,0.5,49,19.25,60,1023.725,7,No,31,Strong,21.8
21.775,0.1,4.2,7.8,31,14.5,64.5,1026.975,7,No,38,Strong,23.1
23.05,0,5.4,6.9,38,16.5,61,1023.45,6,No,27,Common,25.9
25.925,0,5.6,12.2,27,16.25,59,1017.825,0.5,No,51.5,Strong,24.4
24.375,0,8,1.2,51.5,24.75,70,1023.875,7,No,36,Strong,25.1
25.125,0,5.8,7.7,36,13.5,72,1023.85,4,No,43.5,Strong,26.1
26.05,0.2,5.8,11.3,43.5,24.25,60.5,1022.225,4,No,37,Strong,25.4
25.425,0,8,10,37,16.75,61,1021.425,3,Yes,33,Strong,23.9
23.925,14.5,7.8,4.6,33,15.75,75.5,1023.8,6,Yes,41,Strong,24.5
24.525,2.7,5,6.7,41,14.75,65,1021.475,4.5,No,38,Strong,24.6
24.6,0.8,5.6,8.8,38,11.5,69,1015.925,5,No,49,Strong,25.6
25.6,0,8,11.1,49,27.75,58.5,1016.2,5,No,51,Strong,25.5
25.475,0,8.4,12.2,51,28.25,55.5,1018.2,2.5,No,45.5,Strong,25.7
25.65,0,10.4,12.2,45.5,21.25,57.5,1019.45,2,No,41.5,Strong,24.8
24.825,0.2,9.6,5.1,41.5,17,73,1020.6,6,No,41,Strong,24.4
24.35,0,5,1.8,41,10.75,74,1017.05,7,No,37,Strong,22.9
22.9,3.4,2.8,0,37,12.75,82.5,1016.55,8,Yes,34,Strong,24.1
24.075,2.4,3.4,10.7,34,16.75,70,1017.3,4.5,No,35,Strong,25
24.95,0,6.6,5.5,35,16.25,68.5,1015.675,4.5,No,62,Strong,23.5
23.475,0.1,5.2,6.2,62,24.25,79.5,1014.975,6.5,No,47,Strong,21.8
21.8,0,6.6,9.1,47,18.75,80.5,1015.4,7,Yes,25,Common,23.4
23.4,7.8,2.2,4.7,25,15.5,73.5,1009.025,7,Yes,29.5,Common,23.9
23.925,13.7,4.6,8.4,29.5,16,74,1010.2,4,No,43.5,Strong,24.2
24.2,0.1,5.6,6,43.5,17,67.5,1009.625,7,No,93.5,Strong,29.5
29.45,0,6,7,93.5,14.75,55,1004.325,4,Yes,50,Strong,21.4
21.4,11,10.6,3.3,50,22.25,66.5,1018.075,6.5,No,35,Strong,22.8
22.775,0.1,5,8,35,20.25,53.5,1014.45,1.5,No,30.5,Strong,24.8
24.8,0,6.6,7.4,30.5,12.5,71,1011.75,4,No,59,Strong,24
24.025,0,4.8,9.8,59,28.25,42.5,1007.3,4,No,49,Strong,23.5
23.525,0,8.8,11.3,49,21.75,29.5,1005.7,3,No,45.5,Strong,22.5
22.5,0.1,8,7.3,45.5,16.75,70,1011.3,3,No,38,Strong,22.9
22.875,0,5.8,6.7,38,18,78,1010.325,7,No,33,Strong,25.7
25.7,0,4,11,33,16.5,58.5,1010.775,0.5,No,40.5,Strong,23.1
23.125,0,7.2,0.9,40.5,19,77,1017.075,7,No,48,Strong,25.2
25.15,0,1.2,7.6,48,18,70.5,1015.025,3.5,No,45.5,Strong,23.7
23.7,0.2,6.2,9.8,45.5,24,69.5,1014.05,5,No,51.5,Strong,21.2
21.2,0.4,6.2,0.3,51.5,25.75,73.5,1019.775,7,Yes,34,Strong,20.3
20.325,1.6,3.4,8.9,34,14.75,59,1016.6,1.5,No,69.5,Strong,20.7
20.7,0,5.6,5.1,69.5,36,66.5,1011.2,6,Yes,42.5,Strong,20.3
20.25,8,7.4,6.1,42.5,14,53.5,1016.475,6,No,34,Strong,20.2
20.15,0,4.8,3.9,34,16.75,56,1013.875,5,No,33.5,Strong,24.6
24.625,0,5.8,7.8,33.5,16.75,67,1005.475,4.5,No,36,Strong,24.1
24.125,0.1,3,10.5,36,18.5,63.5,1010.975,1.5,No,72,Strong,25.6
25.6,0,5.2,8,72,28.75,74,1011.225,3,Yes,50.5,Strong,20.7
20.725,2.8,7.6,0.9,50.5,25.75,60,1025.05,6.5,Yes,40.5,Strong,21.7
21.675,1.8,5.4,1.6,40.5,23.5,63,1023.225,7,Yes,45.5,Strong,22.9
22.925,2.3,3.4,8.7,45.5,19.25,69,1016.15,3.5,No,35,Strong,23.8
23.775,0.1,6.8,2.2,35,8.75,89,1011.225,7.5,Yes,45.5,Strong,19.6
19.55,18.5,3.4,9.7,45.5,20,64.5,1016.95,2,No,40,Strong,23.2
23.175,0.1,5.8,10.4,40,18.75,46.5,1016.425,1,No,54,Strong,20.9
20.85,0,7,11.2,54,20.75,26.5,1018.825,0.5,No,35,Strong,19.4
19.35,0,7,10.9,35,20.75,42.5,1022.7,1.5,No,33,Strong,20.4
20.4,0,5,6.4,33,17,63.5,1022.25,6.5,No,42,Strong,20.9
20.875,0,4.8,2.7,42,16,72,1023.575,6.5,Yes,34,Strong,20.4
20.425,11.9,3,3.8,34,13,77.5,1025.525,6.5,Yes,39,Strong,22
21.95,14.3,4.2,9.9,39,14.75,79,1022.95,3,No,50,Strong,24.1
24.1,0,4.2,3.9,50,10,64.5,1017.5,7,No,51,Strong,18.6
18.6,0.6,6.4,0,51,20,87.5,1023.4,8,Yes,52,Strong,18.8
18.75,20.8,5.4,0,52,32.75,89.5,1018.975,8,Yes,36,Strong,20.1
20.1,17.7,2.2,9.7,36,17.75,68.5,1008.125,4,No,41.5,Strong,20.5
20.475,0,4,5.1,41.5,15,76.5,1007.4,4.5,No,69.5,Strong,19.4
19.4,1.5,3.2,9.8,69.5,20.75,51.5,1007.5,4,Yes,64,Strong,18.5
18.525,3.1,5.6,4.6,64,33,41,1011.95,4.5,No,59.5,Strong,18.3
18.275,0.1,6.6,6.1,59.5,30.5,49,1020.4,3,No,42.5,Strong,18
18.025,0.4,5.2,6,42.5,22.25,75.5,1023.75,5,Yes,26,Common,18.8
18.75,7.6,1.8,4.6,26,13.5,81.5,1021.425,6,No,49,Strong,18.7
18.7,0.1,2,8.8,49,22.25,73.5,1018.35,6,No,43.5,Strong,18.2
18.2,0,4,10.2,43.5,19.25,61,1022.5,3,No,27,Common,18.7
18.675,0,4.2,8.5,27,15.25,56.5,1022.625,4,No,46,Strong,20.3
20.275,0,5,8.7,46,17.75,64.5,1023.225,4.5,No,46.5,Strong,24.8
24.75,0.3,3.2,10.4,46.5,13,48.5,1020.7,6.5,Yes,23,Common,22.2
22.15,1.8,4,0,23,16,86.5,1022.9,7.5,No,55,Strong,24.5
24.475,0.8,2,5,55,25,57.5,1015.65,7.5,Yes,65.5,Strong,20.1
20.05,2.1,6.6,6.6,65.5,31.5,62.5,1019.025,6.5,Yes,87,Strong,15.5
15.475,9.3,3.2,0,87,40.75,96,1022.05,8,Yes,91.5,Strong,16.1
16.125,104,5,0,91.5,55.75,91,1018.175,8,Yes,80.5,Strong,16.1
16.1,89.3,5,0.6,80.5,28.5,94.5,1011.85,7.5,Yes,29.5,Common,18.3
18.325,49.9,5,8.6,29.5,11,80,1011,4,No,24.5,Common,20.9
20.85,0,2.2,8.5,24.5,13.5,68,1006.1,4,No,51.5,Strong,19.8
19.75,0.1,4.4,8.1,51.5,18.75,59,1006.7,3,Yes,50,Strong,15
14.95,10.9,4,1.3,50,22.75,78,1009.225,6,Yes,39,Strong,16.1
16.05,3.8,0.4,10.5,39,23,51,1018.95,1,No,40,Strong,15.1
15.1,0.1,5.6,10.4,40,21.25,55.5,1025.325,1,No,42.5,Strong,14.7
14.65,0.2,4,0.9,42.5,18.5,75.5,1029.75,6.5,Yes,35,Strong,17.3
17.275,16.4,3.8,3,35,19.25,76.5,1029.9,7,Yes,42.5,Strong,18
18.025,23.8,2.2,1,42.5,20.75,87,1026.4,7.5,Yes,51,Strong,19.9
19.875,9.5,2.6,2.3,51,19,86,1018.625,7,Yes,52,Strong,19.8
19.75,29.7,1.2,0.4,52,26.5,90.5,1013.75,7,No,33.5,Strong,19.5
19.475,0.4,1.8,0.3,33.5,16.25,77,1014.575,6.5,No,45.5,Strong,21.5
21.45,0,1.6,9.8,45.5,22.5,53,1005.9,2.5,No,51,Strong,17.4
17.35,0.1,6.4,10,51,26.75,33.5,1013.3,0,No,58.5,Strong,15.9
15.9,0,6.6,10.3,58.5,27.5,39,1016.85,1,No,41.5,Strong,16.1
16.075,0,5.2,10.3,41.5,19.75,38.5,1017.7,0.5,No,40.5,Strong,16.5
16.475,0,2.8,10.3,40.5,19.25,41,1015.475,1,No,57.5,Strong,16.5
16.475,0,4.8,7.8,57.5,25.25,36.5,1008.55,3,No,68.5,Strong,18.7
18.725,0,5,10.2,68.5,28.75,40,1009.975,1,No,56.5,Strong,17.5
17.5,0,6.6,10.3,56.5,24.75,41,1012.1,0.5,No,64,Strong,15.3
15.275,0,4.6,7.7,64,28.5,35,1015.875,3.5,Yes,50,Strong,13.2
13.175,2.2,4,10.1,50,23.25,42,1024.5,1.5,No,49,Strong,14.8
14.775,0.1,4.4,7.8,49,24.5,61.5,1031.125,3,No,45.5,Strong,16.6
16.55,0.7,2.8,9.3,45.5,23.75,70.5,1034.5,3,No,26,Common,15.3
15.325,0.5,3,3,26,15,75,1033.8,4.5,No,21,Common,15.3
15.275,0,2,0.5,21,9.25,83.5,1029.55,7.5,No,28,Common,18.1
18.125,0.1,0.4,1.8,28,8.25,70.5,1017.975,7,No,32,Strong,20.5
20.45,1.2,1.4,5.8,32,15,62.5,1014.525,7,No,46.5,Strong,18
17.95,0.1,4,5.8,46.5,20.5,62.5,1017.75,3,Yes,79.5,Strong,15.2
15.15,10.5,3.4,1.4,79.5,40.25,74.5,1018.6,7,Yes,46,Strong,14.5
14.45,20.5,5.6,8.6,46,24,59.5,1028.575,3,No,35,Strong,13.9
13.85,0.1,2.8,8.1,35,12.75,63.5,1031.5,2.5,No,25,Common,14.5
14.45,0,2.6,6,25,9.75,61,1030.275,7,No,29,Common,13.7
13.675,0,2,5.9,29,14.25,65,1028.25,5,No,26,Common,16.4
16.4,0,3.2,8.3,26,13,52,1023.475,6,No,26,Common,16.9
16.85,0,1.4,7.6,26,10.25,61,1021.825,3,No,28.5,Common,17.4
17.4,0.2,2,0.6,28.5,11.5,67.5,1020.3,7,No,29.5,Common,14.9
14.875,0.1,2.4,1.1,29.5,11.5,64,1019.875,7,No,32.5,Strong,13.4
13.425,0,3.4,0,32.5,12.5,61.5,1014.35,7.5,No,64,Strong,12.5
12.5,0,0.4,8.6,64,32,34,1015.825,3.5,No,50,Strong,11.1
11.1,0.1,4.6,9.1,50,24.25,45.5,1023.1,1,No,36,Strong,11.9
11.925,0,3.2,8.8,36,18.25,59,1021.9,3.5,No,30.5,Strong,13.2
13.2,0,1.2,9,30.5,14,60.5,1019.85,2.5,No,45,Strong,13
13.025,0,4,6.9,45,14,56.5,1019.275,4,No,28,Common,15.6
15.625,0.5,1.8,6.1,28,11.75,53.5,1027.575,1.5,No,25,Common,15.8
15.825,0,2.2,9.5,25,16.5,60,1026.425,3,No,58.5,Strong,17.1
17.1,0,2.8,8.1,58.5,22,52,1021.85,3,No,32.5,Strong,17.9
17.875,0,4,6.5,32.5,14,45,1020.05,5.5,Yes,39.5,Strong,13.8
13.775,1.6,3,0,39.5,15.25,89,1031.125,7,Yes,30.5,Strong,14.3
14.325,4.1,0.6,0.2,30.5,10.25,71.5,1035.575,7,No,25,Common,16.1
16.125,0.2,1.4,0.7,25,7,71.5,1033.05,6.5,No,32,Strong,16.7
16.675,0,2.4,4.5,32,14,60.5,1029.125,7,No,28.5,Common,14.6
14.625,0,2,8.3,28.5,12.25,68,1027.05,3.5,No,38,Strong,14.2
14.175,0.1,4,0.6,38,10.5,78,1026.425,7,Yes,27,Common,15.8
15.8,2.6,5,0.3,27,10.5,87,1020.5,7,Yes,29,Common,16.3
16.275,10.1,0.6,0,29,11,91,1010.675,8,Yes,41,Strong,14.3
14.3,1.8,1,0.8,41,14.5,79.5,1013.95,7,Yes,49,Strong,12
12.025,64.9,5,2.5,49,23.5,91,1017.325,7,Yes,50,Strong,12
12.025,5,2.2,8.6,50,17.75,66.5,1023.725,4.5,Yes,33,Strong,11.4
11.35,0.9,2.2,0,33,12.25,88,1028.15,7,Yes,23,Common,13.7
13.7,4.8,0.6,7.7,23,10.5,63,1027.8,4,No,27,Common,14.4
14.35,0,2,8.1,27,13,60.5,1024.8,2.5,No,23,Common,16.2
16.175,0,3,6.5,23,11.25,60,1021.45,6,No,43.5,Strong,15.7
15.725,0,2.4,4.2,43.5,20.5,76.5,1023.35,6.5,Yes,31.5,Strong,14.3
14.325,6,2,7.2,31.5,9.75,61.5,1031.95,2,No,26,Common,13.9
13.85,0,1.8,9.7,26,12.5,64,1030.85,0.5,No,25,Common,12.9
12.875,0,2.6,9.5,25,14.25,65,1031.9,0.5,No,20.5,Common,14.1
14.075,0,1,5.1,20.5,14,66,1031.675,6.5,No,24,Common,14.3
14.325,0,1.2,4.3,24,12.5,67.5,1027.1,6,No,36,Strong,14.3
14.3,1.8,0.6,8.7,36,15.5,63,1024.4,3,No,67,Strong,11.7
11.675,0,3,8.1,67,26.75,50.5,1018.425,4,No,45,Strong,10.7
10.65,0,4,9.3,45,19.5,52,1025.525,1,No,36,Strong,10.8
10.825,0,0.2,6.8,36,14,55.5,1021.45,4,No,29,Common,12.1
12.125,0,1.6,9.3,29,12.5,47.5,1020.05,1,No,40.5,Strong,11.6
11.625,0,3.2,9.5,40.5,21.5,43.5,1014.775,1,No,44.5,Strong,10.9
10.9,0,3.2,2.7,44.5,21.25,70,1020.675,6.5,Yes,34,Strong,11.9
11.85,4.7,0.6,6.3,34,18.25,74,1028.175,5,No,22,Common,12
11.95,0.1,2,9.6,22,12,65,1028.8,1,No,37,Strong,11.8
11.825,0,1.2,3.2,37,14,73.5,1020.75,5.5,No,63,Strong,13.2
13.175,0.5,1.4,9.3,63,17.5,67.5,1012.275,0.5,Yes,58,Strong,11.4
11.375,4.9,2.8,4,58,30.75,48.5,1002.5,4.5,Yes,73,Strong,12.8
12.75,4.3,4.8,5.5,73,29.75,66.5,1001.85,4,No,47,Strong,13.4
13.35,0.6,2,8.3,47,16.75,43.5,1011.025,2.5,No,23,Common,11.2
11.225,0.1,3.4,9.6,23,9.5,50.5,1017.1,2,No,42,Strong,10.9
10.9,0.1,3.4,2.6,42,15.75,77.5,1015.25,6.5,Yes,62,Strong,10.1
10.125,16.4,0,1.7,62,31.25,74,1011.525,7.5,Yes,52.5,Strong,10.2
10.225,9.1,3,4.3,52.5,28.75,69,1026.325,5,No,37,Strong,11.5
11.525,0.9,2,9,37,19.25,72.5,1031.875,2.5,No,29.5,Common,12.3
12.275,0,1.6,4.2,29.5,14.75,73.5,1033.375,4.5,Yes,35,Strong,13.9
13.875,2,0.8,9.9,35,17.25,67.5,1031.175,1,No,31.5,Strong,13.8
13.75,0,4,0.9,31.5,14,63.5,1026.075,7,Yes,28,Common,14.5
14.525,1.9,0.8,2.2,28,15.75,83.5,1024.725,7.5,No,31.5,Strong,15.9
15.925,0.3,2,3.7,31.5,10.5,72.5,1017.175,7,No,32,Strong,15.9
15.9,0,2.6,10.1,32,15.25,37,1016.525,1,No,60,Strong,15.9
15.875,0,4.6,9.3,60,26,39,1014.65,3.5,No,57.5,Strong,11.9
11.9,0,5,10.1,57.5,25.5,34.5,1024.825,1,No,43,Strong,11.9
11.925,0,5,9.6,43,24.75,49,1031.8,1.5,No,35,Strong,12.8
12.75,0,5,8.5,35,14.75,57.5,1032.575,2,No,37,Strong,14.4
14.375,0,1,7.6,37,16.5,51,1023.15,5,No,33,Strong,16
15.95,0,4.8,9.5,33,11.25,37,1020.375,1.5,No,59,Strong,15.6
15.6,0,3.4,9.2,59,21.75,39,1017,6,No,46.5,Strong,18.9
18.85,0,5.4,7.8,46.5,18,45,1012.675,5,No,56.5,Strong,14.3
14.25,0,5.4,10.1,56.5,23.5,35.5,1014.475,1,No,34,Strong,11.9
11.9,0,3.8,4.6,34,11.25,48,1020.9,5.5,No,49,Strong,10.2
10.2,0,0.6,4.8,49,23.25,41.5,1012.375,6,No,40.5,Strong,11.4
11.375,0,3.8,8.5,40.5,19.75,46.5,1016.575,5,No,34,Strong,12.4
12.35,0,2.8,10.1,34,21.5,53.5,1022.4,1.5,No,38.5,Strong,11.9
11.875,0,2.6,8.9,38.5,19.5,58.5,1023.575,3,No,28,Common,11.9
11.85,0,1.8,9.5,28,15.75,58,1022.175,1,No,33,Strong,14.8
14.75,0,2.6,10.2,33,13.75,49,1015.225,1,No,33.5,Strong,15.5
15.525,0,5,10.5,33.5,14.75,37.5,1012.825,1,No,77,Strong,13
12.95,0,3.8,8.7,77,24.25,41.5,1005.875,1,No,52.5,Strong,14.3
14.275,0,4.8,10.5,52.5,26.25,37,1014.825,1,No,38,Strong,13.6
13.6,0,4,10.5,38,16,46.5,1024.225,1,No,33.5,Strong,12.8
12.825,0,3,7.3,33.5,18,62.5,1029.625,4,No,30.5,Strong,15.5
15.475,0,3,9.2,30.5,15.75,64,1024.3,4.5,Yes,48,Strong,15.1
15.1,2.8,2.8,10.4,48,16.25,38.5,1015.25,2,No,39,Strong,13
13,0,4.4,10.4,39,20.75,45,1020.925,1.5,No,26,Common,13.1
13.125,0,3.6,6.6,26,14.5,54,1026.05,4.5,No,31,Strong,14.1
14.1,0,2.6,9.8,31,16,60.5,1026.55,1,No,34,Strong,16
16,0,3.8,9.4,34,16.25,61.5,1023.35,3.5,No,38.5,Strong,21.2
21.15,0,4.2,9.4,38.5,20.25,35.5,1018.375,3.5,Yes,25,Common,17.2
17.2,2.9,6.4,0.2,25,11,76,1019.95,7,Yes,54.5,Strong,16.2
16.175,4.5,1.8,0.6,54.5,14.75,93.5,1016.85,7.5,Yes,57.5,Strong,16.5
16.475,50.5,5,4.4,57.5,26.75,59,1013.075,7,Yes,30.5,Strong,16
16.025,5.2,2.8,6.3,30.5,15.75,75,1018,7,No,52,Strong,16.7
16.675,0,3,4.3,52,15.25,59.5,1017.325,6.5,No,50,Strong,15.2
15.2,0,2.8,9.2,50,23.5,49.5,1019.325,4,No,32.5,Strong,14.8
14.8,0,4.2,10.8,32.5,12,43,1020.25,1.5,No,43.5,Strong,12.6
12.625,0,3.6,10.8,43.5,21.75,53.5,1018.875,2,No,37,Strong,13.9
13.85,0,4.8,10.9,37,20.5,47,1015.575,1.5,No,35,Strong,13.7
13.675,0,3.2,10.8,35,17.75,44.5,1014.55,1,No,37,Strong,13.6
13.625,0,4,10.4,37,15.75,48.5,1014.925,3,Yes,54.5,Strong,16.1
16.1,2.5,5.6,8,54.5,25.5,49.5,1005.875,4.5,Yes,50,Strong,15.4
15.425,15,4,5.7,50,25,71.5,1020.95,4.5,No,36,Strong,15.9
15.925,0,2.8,9.3,36,20.5,61.5,1020.975,3,No,27,Common,15.1
15.075,1.5,5.4,1,27,10.75,77,1023.375,7,No,55,Strong,17.7
17.7,1.8,0.6,9.3,55,14.75,47.5,1015.75,3,No,52,Strong,14.9
14.925,0,6.8,11,52,28.75,37,1017.275,1.5,No,39,Strong,14.5
14.475,0,5,10.9,39,18.5,46,1022.55,1,No,40,Strong,15.3
15.3,0,4.8,6.5,40,19,52,1030.325,4,No,41.5,Strong,18.2
18.15,0,4,9.1,41.5,18.75,47.5,1029.7,0.5,No,27.5,Common,18.4
18.4,0,7.4,10.4,27.5,16.75,52.5,1026.525,3,No,31.5,Strong,17.9
17.925,0,3.8,10.6,31.5,17,58,1026.675,1,No,48.5,Strong,19.2
19.2,0,5,10.7,48.5,22.75,57,1023.075,1,No,67,Strong,22.6
22.55,0,6.4,11,67,25.25,26.5,1011.975,2,No,36,Strong,16.5
16.475,0,10.2,10.2,36,22.75,53,1016.4,2.5,No,48.5,Strong,15.7
15.65,0,4.2,8.2,48.5,20.25,59,1018.35,5,Yes,54,Strong,16.2
16.2,2.1,6.4,7.7,54,28.5,60,1025.85,3.5,Yes,36,Strong,16.3
16.325,13.5,5.4,7.3,36,20.5,71.5,1025.25,6.5,No,33.5,Strong,15.4
15.375,0.2,4,3.4,33.5,12.5,68.5,1023.075,6,No,39,Strong,17.9
17.9,0.4,1.6,10.4,39,17.25,65.5,1017.475,1.5,No,66.5,Strong,16.7
16.725,0.2,6.2,9.2,66.5,33.75,47.5,1017.25,2.5,No,73.5,Strong,12.8
12.775,0.1,8.8,6.5,73.5,41.5,67,1025.475,5,Yes,70.5,Strong,12.1
12.075,4.1,4,6.1,70.5,34.25,65.5,1025.1,7,Yes,60.5,Strong,13.5
13.5,25.9,2.8,4.3,60.5,29.75,73.5,1028.525,7,Yes,46.5,Strong,15.8
15.825,2.3,4.4,7.7,46.5,24,60.5,1026.95,4.5,Yes,50,Strong,15.5
15.475,3.9,3.8,6.2,50,25.75,63,1022.425,7,No,27,Common,15.8
15.8,0.1,4.2,11,27,15,50.5,1019.425,1,No,43.5,Strong,18
17.975,0,5.8,3.4,43.5,18.75,53,1017.525,0.5,No,38,Strong,19.2
19.175,0,5.6,6.4,38,22.25,63.5,1021.8,7,No,37,Strong,20.2
20.225,0,5.6,9.6,37,16.75,63.5,1024.5,2.5,No,39.5,Strong,20
19.975,0,4.8,10.5,39.5,16.75,61,1032.575,1,No,27.5,Common,21.9
21.85,0,7.2,11.1,27.5,15,49.5,1027.55,0.5,No,46,Strong,26.5
26.45,0,8,8.2,46,20.25,20,1022.525,7,No,25,Common,26.6
26.55,0,11,11.4,25,12.5,26,1022.375,4,No,47.5,Strong,27.3
27.25,0,8.6,11.4,47.5,18.75,29,1021.3,1,No,72.5,Strong,20.1
20.125,0,13.2,1.3,72.5,35.5,62.5,1031.625,6,No,41.5,Strong,19.1
19.05,0,6.6,2.2,41.5,21.25,55,1037.375,7,No,42,Strong,20.4
20.4,0,5.4,8.7,42,21.75,48.5,1032,6,No,26,Common,20.6
20.575,0,6.8,9.5,26,11.25,61,1027.3,2.5,No,41,Strong,20.1
20.125,0,5.6,6.4,41,11.5,67,1020.575,6.5,Yes,51,Strong,23.1
23.1,2.9,5,9.6,51,16.75,54.5,1014.475,3.5,Yes,44.5,Strong,19.2
19.225,2.5,7.8,0.8,44.5,23.75,83,1022.325,6,Yes,40,Strong,20.7
20.65,3,1.4,8.3,40,16.25,64.5,1025.975,4,No,49,Strong,20.9
20.9,0,7,12,49,25,60.5,1023.925,0.5,No,45.5,Strong,23.7
23.725,0,6.8,11.9,45.5,15.75,54,1020.05,0.5,No,37.5,Strong,22.3
22.25,0,9.8,9.7,37.5,18.75,67.5,1022.2,2.5,Yes,36,Strong,20.9
20.875,1.2,7.2,3.8,36,18.75,64,1028.575,7.5,No,42.5,Strong,22.6
22.575,0.6,4.2,8.2,42.5,19.25,67,1024.4,5.5,No,40.5,Strong,23.9
23.9,0.2,6.8,7.7,40.5,15.5,55,1018.225,2,No,35,Strong,23.9
23.925,2.9,7.6,3.4,35,7.25,54.5,1012.625,5.5,Yes,67.5,Strong,19.6
19.55,6,5,0.7,67.5,25.5,84.5,1010.875,7,Yes,47.5,Strong,17.5
17.525,10.4,2.8,3.4,47.5,21.5,64,1021.875,7,No,41.5,Strong,18.1
18.1,0.1,4.6,12,41.5,20.75,56,1022.55,3,No,47.5,Strong,20.4
20.35,0,7.4,10.2,47.5,18,60.5,1019.8,2.5,No,77,Strong,22.6
22.6,0,7,5.2,77,11,54,1014.55,5,Yes,62,Strong,17.3
17.3,5.7,7.8,2,62,32.5,56.5,1025.825,7.5,No,32,Strong,17.5
17.475,0.7,3.8,8.2,32,14.5,58,1023.925,6,No,35,Strong,18.9
18.925,0,5.4,11.4,35,14.25,46,1022.8,3,No,41.5,Strong,19.3
19.325,0,8,9.3,41.5,17.75,50.5,1022.225,4,No,51,Strong,21
20.95,0,8,5.7,51,27.5,58,1020.075,7.5,No,50,Strong,22.6
22.625,0,7.8,9,50,20.5,61,1012.725,2,Yes,49,Strong,24.7
24.725,17.9,6.6,9.1,49,16.75,61.5,1010.05,5,Yes,39.5,Strong,19
19.025,0.8,6.8,0,39.5,23.75,90.5,1016.825,8,Yes,59.5,Strong,18.3
18.325,3.8,1.4,0,59.5,29,89.5,1017.05,8,Yes,56.5,Strong,19.9
19.85,11.8,0,0.7,56.5,31,85.5,1012.625,8,Yes,38.5,Strong,23.7
23.7,10.3,3.2,5.2,38.5,13.75,76,1006.9,5.5,Yes,50,Strong,21.2
21.225,7.4,5.6,5.3,50,19,75,1012.4,5,No,49,Strong,18.6
18.6,0.2,7.2,4.6,49,26.25,69,1020.375,6.5,No,31.5,Strong,18.5
18.525,0,6.4,12.3,31.5,14.25,55,1019.375,3,No,34.5,Strong,21
20.975,0,6,11.3,34.5,13,49.5,1014.625,5,No,38.5,Strong,21.6
21.575,0,8.6,0,38.5,13.25,73,1020.3,7,Yes,48.5,Strong,22.1
22.125,2.7,5,4.2,48.5,21.5,60,1019.15,7.5,No,46,Strong,23.2
23.225,1.6,8.4,7.4,46,13,59,1011.325,4,Yes,39.5,Strong,18.9
18.875,18.5,9,0,39.5,19.75,80,1013.925,8,Yes,50,Strong,17.7
17.7,23.4,2.2,0.8,50,27.75,70,1017.575,7,Yes,36,Strong,18.4
18.35,5.6,4.4,13,36,20.25,51.5,1019.075,3,No,47,Strong,20
20,0,8,12.6,47,18.5,47.5,1017.475,1,No,57,Strong,27.2
27.15,0,11,13,57,18.5,28.5,1011.55,3,No,31.5,Strong,25.8
25.825,0,10.4,12.5,31.5,13.5,53.5,1013.2,2.5,No,61.5,Strong,31.5
31.5,0,8.8,12.4,61.5,20.5,36,1009.275,1,No,57.5,Strong,21.1
21.1,0,14.6,0.3,57.5,23.25,63.5,1016.475,7,No,35,Strong,20.7
20.725,0,6.2,2.7,35,18.5,56.5,1018.225,7.5,No,51,Strong,21.3
21.275,0,3.8,11.5,51,22.25,60.5,1011.425,1.5,No,54.5,Strong,22.2
22.175,0,8,11.4,54.5,21,55,1015.6,2.5,No,56.5,Strong,25.5
25.525,0,9,7,56.5,18,52,1010.175,0.5,No,73,Strong,30.1
30.1,0,12.6,9.6,73,38.25,21,999.825,1.5,No,38,Strong,20
19.95,0.3,14.6,7.1,38,18.5,63.5,1015.025,5.5,No,40,Strong,21.1
21.075,0.1,7.4,0.3,40,23.25,60,1016.375,8,No,48.5,Strong,23.4
23.425,0.4,6.4,7.1,48.5,24.25,69,1011.575,4.5,No,52.5,Strong,22.8
22.8,0.1,7.4,11.1,52.5,18.75,65,1010.5,2.5,No,64,Strong,27.6
27.55,0,8,10.4,64,20.5,40.5,1008.3,3,No,64,Strong,20.3
20.275,0,14.2,5.3,64,34.5,69.5,1016.125,7,No,31,Strong,19.8
19.775,0.1,9.2,8.1,31,18,51,1026.6,6,No,30.5,Strong,19.5
19.475,0,6.4,9.3,30.5,14.5,51,1025.225,3.5,No,41.5,Strong,20.9
20.925,0,8,7,41.5,17.75,51.5,1020.65,1,No,38,Strong,22
22,0,9,12.7,38,17,51,1019.1,4,No,38,Strong,22.5
22.525,0,9.2,7.9,38,17.5,58.5,1020.65,7,No,46.5,Strong,23.3
23.275,0,7.6,0.3,46.5,19.75,65.5,1017.125,7,No,57.5,Strong,27.4
27.35,0.9,4.6,8.6,57.5,17.75,60,1012.975,4,Yes,49,Strong,22.9
22.875,9.4,10,6.4,49,15.25,71.5,1013.725,5,No,64,Strong,28.6
28.55,0.1,6.4,8.8,64,24.75,39.5,1003.45,5,No,40,Strong,20.6
20.55,0,12.2,5.8,40,22.5,53.5,1015,3.5,No,50,Strong,21.8
21.8,0,7.6,6.5,50,28.5,54.5,1017.65,6,No,30.5,Strong,23.8
23.775,0,8,13.1,30.5,14,60,1014.35,3,No,46.5,Strong,24.1
24.1,0,10,5.7,46.5,20.75,65.5,1013.825,7,No,91,Strong,22.5
22.45,0.9,5.4,1.8,91,20.75,80,1015.7,7.5,Yes,40,Strong,21.5
21.475,7.7,5,12,40,19.25,63.5,1017.625,2.5,No,51,Strong,24.2
24.15,0,13.6,12.3,51,23.75,51.5,1015.275,0.5,No,56.5,Strong,25.8
25.8,0,9.4,13.2,56.5,19.75,50.5,1013.5,1,No,66,Strong,25.4
25.375,0,13,7,66,24.75,54.5,1010.85,1,No,52,Strong,25.5
25.5,0,14,3.6,52,22.25,71,1016,7,Yes,45,Strong,19.8
19.8,26.3,4.4,0,45,16.5,91,1022.4,8,Yes,33,Strong,20.3
20.325,31.6,3.6,4.5,33,19.5,62.5,1018.65,7,No,38,Strong,21.3
21.25,0.5,5,9.5,38,21.5,55,1019.375,3,No,38,Strong,21.7
21.725,0,7,9.6,38,15.25,48.5,1017,4.5,No,46.5,Strong,23.2
23.15,0.8,7.4,6.1,46.5,20.5,76,1007.825,6,Yes,66.5,Strong,19.3
19.3,2,8.8,5.7,66.5,32.5,66.5,1017.575,4.5,Yes,48,Strong,18.6
18.6,1.5,5.8,4.8,48,24.75,65.5,1023.4,7,No,36,Strong,20.1
20.1,0.1,7.4,12.5,36,23,47,1021.65,3.5,No,28,Common,20.1
20.1,0,7.4,13.1,28,14.5,54,1019.325,0.5,No,44,Strong,22.7
22.725,0,8,12.7,44,18.25,54.5,1018.05,3,No,38,Strong,22.2
22.15,0,11,12.3,38,16.75,55,1015.025,5,No,29.5,Common,21.7
21.7,0,6.8,3.3,29.5,11,59.5,1012.9,7,No,50,Strong,22.3
22.25,0,8,0,50,24.5,72,1014.9,8,Yes,47,Strong,22
21.95,9.3,6.4,0.7,47,11.5,89,1016.625,8,Yes,54,Strong,19.2
19.175,42.7,0,0,54,26.75,87,1015.725,8,Yes,55.5,Strong,18.1
18.1,43.5,8,0,55.5,24.5,93,1012,8,Yes,65,Strong,20
20.025,38.9,2,7.6,65,30,80.5,1014.925,7,No,31,Strong,20.6
20.625,0.2,6.6,12.1,31,14.5,52.5,1019.525,2.5,No,33,Strong,22.2
22.175,0,7,8.6,33,14.25,60.5,1020.3,5.5,No,45.5,Strong,23.4
23.375,0,8,12.2,45.5,19.5,58.5,1018.85,2,No,35.5,Strong,27
26.95,0,9,12.1,35.5,16.25,58,1011.075,1,No,61,Strong,28.7
28.7,0,10.6,4.4,61,19,65.5,1011.275,6.5,No,41.5,Strong,26.1
26.125,0,6,11,41.5,16,63.5,1017.85,2,No,97,Strong,31.4
31.35,0,8.4,7,97,15.5,46,1009.675,4,Yes,61.5,Strong,17.7
17.675,30.7,12.2,2.7,61.5,24.75,82.5,1024.275,7.5,Yes,47.5,Strong,18.9
18.85,6.2,6,7.2,47.5,20.75,56.5,1026.575,6,No,35,Strong,20.9
20.875,0.2,5.6,11.8,35,19.75,60.5,1023.925,5,No,37,Strong,22.1
22.125,0,7,13.5,37,14.75,59.5,1019.1,2,No,42.5,Strong,25.5
25.45,0,8,13,42.5,15,54,1015.2,3,No,47.5,Strong,30.5
30.475,0,11.8,10,47.5,12,35.5,1011.025,3.5,No,63,Strong,29.6
29.575,0,11.6,6.9,63,15.25,51,1008.775,4.5,Yes,36.5,Strong,25.4
25.4,26.7,10.4,1.4,36.5,14,83.5,1008.575,7,Yes,52,Strong,23.9
23.875,17.8,3.4,9.5,52,30,69.5,1007.725,4.5,No,34,Strong,22.8
22.825,0.5,6.6,0.6,34,15,71,1012.775,7.5,No,35,Strong,23.2
23.225,0,4.6,0,35,15,72.5,1013.9,8,No,37,Strong,24.3
24.25,8.8,2.4,8.7,37,15.25,68,1017.5,6,Yes,48,Strong,23.1
23.075,2.9,9.8,0.5,48,16.75,66.5,1015.075,7,No,40,Strong,25
25,2,5.6,6.7,40,17.5,67,1006.325,7,No,57.5,Strong,25.6
25.625,0,5,8.2,57.5,14,79.5,1002.55,5,Yes,68.5,Strong,23.6
23.55,7.6,3,3,68.5,16.75,80,1003.875,7.5,Yes,45.5,Strong,25.4
25.35,18.3,5.8,10,45.5,19,53,1003.85,3,No,45.5,Strong,23.4
23.425,0.1,8,7.4,45.5,12.25,56,1002.675,4.5,Yes,34,Strong,21.9
21.85,2.1,5,12.9,34,19.5,55,1005.2,2.5,No,46.5,Strong,24.6
24.625,0,7.6,10.7,46.5,18,56.5,1002.825,4.5,Yes,66.5,Strong,21.7
21.675,9.5,7.6,0.8,66.5,37,72.5,1012.375,7.5,Yes,58.5,Strong,22.4
22.35,2.6,9.6,6.8,58.5,35.5,61.5,1017.55,5.5,Yes,41.5,Strong,23.4
23.35,1.3,8.8,8.1,41.5,21.5,65,1017.525,5,No,35.5,Strong,23.4
23.35,0.2,7.2,10.1,35.5,15.75,63,1017.3,4,No,27,Common,23.4
23.375,0,4.6,12.6,27,14.75,65,1018.525,1.5,No,45.5,Strong,24.2
24.225,0.2,9.8,10.3,45.5,25,63,1020.2,3.5,No,45.5,Strong,24.6
24.625,0.1,7.6,12.7,45.5,18.75,54.5,1014.7,1.5,No,30.5,Strong,24.4
24.35,0,10.4,9.6,30.5,15.25,63,1014.95,5,No,37,Strong,25.3
25.25,0,6.4,12,37,17,61,1015.975,1.5,No,49,Strong,25.7
25.65,0,8.8,12.1,49,20.25,55.5,1012.9,1,No,50,Strong,28
27.975,0,9.6,10.4,50,13.5,63,1006.975,3,No,33,Strong,25.3
25.325,0,8,6.9,33,18,71.5,1009.75,5,No,48,Strong,24.3
24.25,0,7,10.8,48,26.25,49,1008.975,1.5,No,45.5,Strong,22.1
22.1,0,8.8,10.4,45.5,24,52,1009.975,2,No,31.5,Strong,22.3
22.325,0,8,11.7,31.5,16.25,56.5,1009.3,2,No,39,Strong,25.8
25.825,0,8,11.1,39,18,62.5,1011,2.5,No,55.5,Strong,25.8
25.8,0,9.4,5.9,55.5,29.5,71.5,1017.975,6,Yes,41.5,Strong,23.9
23.925,16.4,8.2,4.8,41.5,19,81.5,1024.95,5,Yes,40,Strong,25.6
25.55,0.6,3.8,11.6,40,18,65,1023.6,3.5,No,45.5,Strong,26.2
26.225,0,9.4,12.4,45.5,17,54.5,1019.375,1,No,51.5,Strong,26.1
26.125,0,11,12.3,51.5,20.25,55.5,1014.4,0.5,No,46,Strong,28.8
28.75,0,8.4,12.2,46,14.25,52,1010.7,0,No,70.5,Strong,25.4
25.425,0,12.2,5.2,70.5,29.5,69,1015.225,4,No,34,Strong,25.2
25.175,0,6,10,34,19.5,57,1019.15,6,No,30.5,Strong,24.4
24.35,0,8,10.1,30.5,15.75,57.5,1017.975,1,No,35,Strong,23.5
23.525,0,11.2,5.7,35,20.75,74.5,1020.9,6,No,36,Strong,25.3
25.25,0,4.2,7.7,36,16.75,60.5,1020.875,2.5,No,52,Strong,25.2
25.15,0,7.8,10.7,52,22.75,55.5,1019.925,7,No,51.5,Strong,26.2
26.175,0,8.2,10.2,51.5,21.5,63,1020.275,3.5,No,43.5,Strong,26.2
26.225,0,9.6,10.1,43.5,23.5,61.5,1021.025,4.5,No,44.5,Strong,24.6
24.55,0,9.2,10.6,44.5,23.5,56.5,1020.45,1,No,50,Strong,24.6
24.55,0,9.8,10.5,50,19,59.5,1022,1.5,No,47,Strong,25
25.025,0,8,11.8,47,15.25,65.5,1020.125,1.5,No,37,Strong,25.8
25.825,0,8.8,10.8,37,20.25,58,1022.925,2,No,49.5,Strong,26.5
26.475,0,9.2,10.1,49.5,21,61,1019.65,4,No,38.5,Strong,24.9
24.9,0,8,6.5,38.5,15.75,80,1019.325,7,No,39,Strong,25.7
25.675,0,5.8,2.3,39,15.5,71,1019.025,7.5,No,47.5,Strong,25.8
25.8,0,4.6,10.7,47.5,18,65,1018.675,1.5,No,34.5,Strong,25.8
25.775,0,9,7.7,34.5,20.25,59.5,1019.15,5.5,No,44.5,Strong,26
26,0,7.2,4.9,44.5,16,76.5,1015.35,6.5,Yes,49,Strong,22.2
22.225,23.3,7,4.5,49,25,80,1019,6.5,Yes,44.5,Strong,22.4
22.35,18.6,6,7.6,44.5,20.5,74.5,1018.875,6,Yes,33,Strong,22.9
22.9,11.7,5.2,7.5,33,13,73.5,1014.9,5.5,Yes,53,Strong,24.3
24.25,1.7,5.6,4.4,53,19,67,1000.35,7,Yes,46,Strong,19.4
19.35,2.9,5.4,11,46,22.25,42,1011.1,1,No,52,Strong,19.5
19.475,0.1,7.8,3.4,52,22.75,75.5,1017.15,7.5,Yes,47.5,Strong,18.1
18.075,51.8,5.8,2.7,47.5,22.75,82.5,1017.675,7.5,Yes,53.5,Strong,18.5
18.45,23.1,2.8,6.9,53.5,27.25,70.5,1016.525,5,Yes,31.5,Strong,20
19.975,1.8,4.2,9.5,31.5,15.75,59,1017.525,2,No,33,Strong,22.5
22.5,0,5.2,9.3,33,17.5,54.5,1019.775,4.5,No,34,Strong,22.5
22.45,0,6.8,0.3,34,11.5,66.5,1017.5,7,No,29.5,Common,21.7
21.725,0,3,10.2,29.5,14.5,65,1017.275,2,No,39,Strong,22.2
22.175,0.1,4,5.7,39,18.25,72.5,1017.625,5.5,Yes,34.5,Strong,22.3
22.275,32,5.8,4.1,34.5,21.25,78.5,1017.225,6,No,43.5,Strong,21.6
21.55,0,4,0,43.5,22,87.5,1016.725,7.5,Yes,35.5,Strong,23.6
23.6,6.8,1.4,7.5,35.5,14.75,56.5,1013.475,3.5,Yes,47.5,Strong,20.5
20.5,0.6,6.8,10.6,47.5,23.25,51,1016.65,1.5,No,40,Strong,21.6
21.575,0,5.4,10.2,40,21,61,1017.05,2,No,39,Strong,24.4
24.4,0,6.8,10.3,39,16.75,38,1015.475,5,No,39,Strong,22.1
22.075,0.2,6.8,6.7,39,19.25,70,1023.35,4,Yes,37,Strong,21.2
21.225,56.7,3.4,0.8,37,11.75,83,1021.375,7.5,Yes,63,Strong,22.6
22.55,4.3,3,10.4,63,19.75,60,1017.5,2,No,47.5,Strong,27
27.025,0,6.8,10.6,47.5,19.25,50,1013.55,1,No,48.5,Strong,20.1
20.125,0.1,8.4,0,48.5,24.5,58,1022.725,7.5,No,27.5,Common,19.5
19.475,0,4,0,27.5,8.75,70.5,1022.4,8,No,28,Common,20.1
20.1,0.3,1.2,9.5,28,15.5,61,1020.375,4.5,No,31,Strong,21.8
21.8,0,3.8,9.6,31,18.75,56.5,1017.525,4,No,36,Strong,20.4
20.35,0,6.4,9.4,36,20.5,49,1016.95,4.5,Yes,38,Strong,19.9
19.9,7.9,5.6,5.7,38,19,74.5,1022.425,6,No,31.5,Strong,19.9
19.85,0.7,4.2,8.3,31.5,16,67,1026.825,4,No,37,Strong,19.6
19.625,0.4,3.4,2.4,37,14,73,1028.875,7,No,36,Strong,21
21,0.6,3.4,9.9,36,15.5,57.5,1024,5.5,No,32.5,Strong,21.5
21.5,0,5,9.3,32.5,10.5,57,1019.425,6.5,No,47.5,Strong,20.7
20.7,0.2,4.6,3.2,47.5,22.75,76.5,1021.275,7,Yes,40,Strong,19
19.025,2.2,3,7.6,40,20.75,77,1020.5,6.5,Yes,29.5,Common,20.2
20.15,25.6,5,6.9,29.5,14.5,78.5,1020.9,5,Yes,24,Common,21
21,7.9,3.4,10.3,24,13.5,72,1023.25,2.5,No,30.5,Strong,21.6
21.575,0,3.4,10.5,30.5,15.25,71,1020.975,3.5,No,47,Strong,21
20.95,0,4,7.1,47,19.75,72,1019.55,4,Yes,59.5,Strong,18.5
18.475,5.3,3.4,1.3,59.5,30.25,84.5,1024.325,6.5,Yes,44.5,Strong,19
19.025,5.6,2.6,9.9,44.5,22,54.5,1029.575,4,No,22,Common,17.6
17.6,0,4.8,10.4,22,13,63,1030.675,1,No,26.5,Common,18.8
18.75,0,2.8,9.6,26.5,14.25,65,1029.2,3,No,38,Strong,19.9
19.9,0,2.8,10.7,38,19.5,64,1025.825,1.5,No,26,Common,21
20.975,0,5.2,7.7,26,14.75,66,1023.1,4,No,28,Common,20.7
20.7,0,4.8,4.6,28,13.5,68.5,1020.6,6,No,35,Strong,22.8
22.75,0,3.4,4.5,35,8.25,63.5,1017.05,7,Yes,50,Strong,22.4
22.375,2.5,3.4,4.7,50,24.75,69.5,1011.25,6,No,31,Strong,18.3
18.25,0,4.8,6.1,31,11,54.5,1014.7,3.5,No,37,Strong,19.6
19.575,0,3.4,10.4,37,17,38.5,1009.425,0.5,No,27,Common,20.9
20.85,0,8,10.2,27,16,44.5,1014.675,1.5,No,30.5,Strong,18.5
18.475,0,4,10.1,30.5,17.5,50,1018.725,1,No,26,Common,19.9
19.85,0,3.4,9.9,26,16,53,1018.35,2.5,No,25,Common,18
18,0,5.6,8.7,25,14.5,65.5,1019.775,3,No,22,Common,18.5
18.525,0,1.4,0,22,9.25,78.5,1016.1,7,Yes,43.5,Strong,20.4
20.375,1.7,1,0,43.5,16.25,74.5,1006.075,7,No,71,Strong,21.1
21.05,0.2,4.4,9.7,71,33.5,40,1005.275,1,No,46.5,Strong,18.1
18.075,0,8,7.5,46.5,15.75,34.5,1013.825,3.5,No,46,Strong,19.1
19.075,0,6,9.1,46,20.5,41,1014.225,4,No,34.5,Strong,19.9
19.85,0,4,10,34.5,14,45,1020.575,1,No,29.5,Common,19.3
19.325,0,7.2,10.2,29.5,15,47.5,1021.7,0,No,31.5,Strong,19
19,0,2.2,5.2,31.5,11.75,38.5,1015.475,5.5,No,32.5,Strong,18.3
18.25,0,3.2,9.1,32.5,15.5,59.5,1019.4,1,No,33,Strong,22
21.95,0,4.8,8.9,33,13,37,1015.55,1.5,No,44.5,Strong,17.5
17.45,0,6.6,3,44.5,13,39.5,1016.95,7,No,42.5,Strong,17.7
17.675,0,4,9.9,42.5,21.25,39,1015.575,0.5,No,39,Strong,18.1
18.075,0,4,9.2,39,19.75,52.5,1019.75,0.5,No,22,Common,17.5
17.525,0,3.4,4.4,22,11.5,62.5,1025.575,6.5,No,26,Common,18.5
18.5,0,2,9.1,26,12.5,70.5,1022.25,2.5,No,63,Strong,20.9
20.875,0,4,9.2,63,21.5,49.5,1013.15,2,No,53.5,Strong,17
17.025,0,7.6,9.9,53.5,20.25,33.5,1015.875,1.5,No,34,Strong,15.8
15.775,0,3.2,8.7,34,14,37.5,1015.575,5.5,No,48,Strong,16.9
16.9,0.4,4.6,4.8,48,23.75,48,1003.45,4.5,No,65.5,Strong,15.5
15.5,0.1,4,9.9,65.5,32.5,33,1002.65,1,No,37,Strong,12.2
12.175,0,5.6,2.1,37,11,69,1006.65,6,Yes,40.5,Strong,13.8
13.775,3.4,1.6,9.8,40.5,16.75,43,1016.825,1,No,39,Strong,13.2
13.15,0.1,2.6,9.5,39,17.25,47.5,1024.8,1,No,37,Strong,12.9
12.875,1.9,2.2,1.7,37,12.75,84,1028.425,7,Yes,31.5,Strong,14.4
14.4,17.8,0.6,1.4,31.5,12.5,84.5,1027.75,7,No,39,Strong,14.9
14.925,0.5,2.4,8.7,39,17.25,71.5,1025.625,4.5,No,37,Strong,15.2
15.15,0.1,2.4,1.3,37,10.25,78,1023.45,7,Yes,93.5,Strong,17.7
17.675,68.2,5,0,93.5,29.25,88.5,1012.375,8,Yes,89.5,Strong,18.1
18.05,94.7,5,0,89.5,49.75,88.5,999.325,8,Yes,57.5,Strong,16.1
16.05,68.1,12.6,2.2,57.5,29.5,50,999.125,7,No,40.5,Strong,15.3
15.3,0.1,5.2,3.6,40.5,20.25,53.5,1003.4,5.5,No,37,Strong,16
15.975,0,1.8,9.3,37,18.5,48.5,1010.225,1,No,58,Strong,18.5
18.5,0.2,4.8,6,58,28.25,45.5,1006.25,4,No,37,Strong,17.3
17.325,0.2,6.2,9.1,37,11.5,52.5,1017.1,1,No,54,Strong,15.3
15.275,0,3.2,8.7,54,23.25,42.5,1021.6,3,No,36,Strong,12.9
12.85,0,5.4,8.3,36,14.75,50.5,1035.55,2.5,No,29,Common,14
13.95,0,1,6.5,29,15.75,53.5,1037.175,3,No,31,Strong,15.6
15.6,0,2.2,9.6,31,12.25,56,1033.65,2.5,No,24,Common,14.8
14.775,0,3.4,8.2,24,13,55,1031.525,4,No,29,Common,16.1
16.075,0,2.2,9.6,29,13,58.5,1022.35,1,No,33.5,Strong,16
15.975,0,3.6,1.4,33.5,19.5,55.5,1015.975,6.5,Yes,35,Strong,17.8
17.8,4.4,3.6,3.4,35,8,81.5,1016.375,6.5,No,61,Strong,17.2
17.2,0.3,0.8,0,61,19.25,87,1013.825,7.5,Yes,53,Strong,17.9
17.85,34.8,2.2,3.5,53,17.75,62.5,996.7,6,No,58,Strong,16.9
16.9,0.1,6,5.5,58,26.5,42.5,1002.525,5.5,No,54.5,Strong,16.6
16.55,0,4.4,9,54.5,24.25,43.5,1004.875,1.5,No,35,Strong,14.3
14.25,0,5,8.2,35,16.25,46.5,1009.9,5.5,No,72.5,Strong,14.7
14.65,0,3.8,6.5,72.5,34,38.5,1003.55,4,No,52,Strong,10.7
10.7,0.3,5.4,9.6,52,27,40.5,1018.125,1,No,40,Strong,10.6
10.6,0,3.6,5.2,40,13.75,50,1018.975,6.5,No,47,Strong,9.7
9.675,0,2.2,0,47,20.75,74,1014.5,8,Yes,51,Strong,12.3
12.275,2.3,1.4,8.9,51,23.75,49,1022.925,1,No,33,Strong,12.7
12.725,0.1,4,9.6,33,13,50,1026.825,1,No,42.5,Strong,11.3
11.325,0,1.8,7,42.5,17.75,49.5,1018.075,4,No,54,Strong,12.4
12.425,0,4,7,54,19,46,1015.9,4,No,39,Strong,13.1
13.125,0,2.8,9.5,39,18.25,46.5,1024.275,1,No,27,Common,12.2
12.175,0,3.6,9.5,27,15,52.5,1024.55,0.5,No,24,Common,11
11.025,0,3.4,7.5,24,11,63,1018.475,6,Yes,44.5,Strong,13.4
13.4,4.5,0.6,5.8,44.5,17.75,73,1008.925,5,No,65,Strong,13.8
13.825,0.2,4.4,4.8,65,29.5,49,1003.475,6,Yes,59.5,Strong,15
15.025,32.3,6.4,1.6,59.5,29,85,1015.75,7,Yes,32.5,Strong,14.6
14.575,22,5,0,32.5,12.5,90,1019.075,8,Yes,32.5,Strong,13.1
13.05,12,0.6,5.2,32.5,15.25,77,1022.85,4,No,30,Common,14.5
14.525,1.5,1.8,7.3,30,14,73.5,1023.1,3,No,67,Strong,15.8
15.775,0,3.2,0.3,67,31.5,56,1012.375,7,No,59.5,Strong,17
16.975,0.1,1.2,7.8,59.5,28,30.5,1008.525,6.5,No,78.5,Strong,11.9
11.925,0,8,9.8,78.5,39.75,30,1018.7,5,No,46.5,Strong,11.7
11.675,0,5.2,9.6,46.5,21.75,38,1027.65,4.5,No,31,Strong,11.9
11.9,0,3,9.5,31,14.5,46.5,1028.825,1.5,No,29,Common,12.6
12.55,0,1.8,4.7,29,16,69.5,1031.725,4.5,No,24,Common,14.5
14.525,0.4,1.8,3.2,24,10.75,80.5,1029.1,7,No,33.5,Strong,17.6
17.6,0,1.2,8.9,33.5,15.25,64,1022.05,0.5,No,23,Common,19.1
19.05,0.1,3.2,6.2,23,3.75,61.5,1020.25,6,Yes,44.5,Strong,16.5
16.525,14.1,2.4,0,44.5,15.25,93.5,1019,8,Yes,35,Strong,16.9
16.85,16.8,1.8,2.6,35,9.75,90,1017.925,6,No,55.5,Strong,19.5
19.475,0.4,0.2,7.4,55.5,28.75,54,1004.8,5,Yes,69.5,Strong,16.4
16.35,5,7.6,10,69.5,42,30,1004.1,1,No,43.5,Strong,11.1
11.1,0,4,5.4,43.5,19.25,42.5,1013.925,4.5,No,48,Strong,13.1
13.125,0,4,9.9,48,23.75,37,1011.975,1,No,42.5,Strong,14
14,0,4.8,9.9,42.5,12,46,1013.75,1,No,62,Strong,15
14.975,0,5.4,10.1,62,25.5,41,1012.725,2.5,No,49,Strong,14.1
14.125,0,4,10.1,49,15.75,42.5,1022.275,0.5,No,51,Strong,13.2
13.2,0,4,10.1,51,19.75,44.5,1020.425,1.5,No,34,Strong,13.8
13.8,0,4.2,10,34,16.75,56,1021.675,2,No,26,Common,15.8
15.75,0,2.8,3.2,26,10.5,55.5,1016.55,4.5,No,22,Common,14.5
14.45,0,2.2,0.7,22,8.5,58,1015,7,No,55.5,Strong,13.5
13.5,0.7,1,0.9,55.5,22.25,78.5,1013.825,7.5,Yes,68.5,Strong,12.7
12.7,20.4,2.6,0.2,68.5,28.25,84,1017.925,8,Yes,65.5,Strong,14.3
14.275,51.5,9.4,7,65.5,26.5,67.5,1024.675,6.5,Yes,40.5,Strong,12.6
12.625,5.5,3.2,2.7,40.5,22.25,82,1029.35,6,Yes,34,Strong,12.4
12.35,2.7,2.6,2.2,34,13.5,74,1027.85,7,No,33,Strong,13.4
13.425,0.3,0.6,2.6,33,12,70.5,1026,6.5,No,26,Common,13.8
13.775,0,2.6,10.8,26,16.25,62,1024.55,1,No,29.5,Common,13.9
13.875,0,2,6.9,29.5,16.75,61,1020.45,6,No,43.5,Strong,18.8
18.75,0,4.8,9.2,43.5,20.5,39,1013.425,3,No,51,Strong,16
15.975,0,6.2,10.6,51,22,36,1017.725,1,No,40,Strong,13.4
13.425,0,6.4,8.6,40,16.75,41,1022.025,3.5,No,45.5,Strong,14.3
14.3,0,3.2,10.6,45.5,24.25,38,1021.225,1.5,No,35.5,Strong,14.2
14.2,0,5.4,10.5,35.5,17.25,50,1027.375,1,No,30.5,Strong,14.7
14.7,0,3.2,10.1,30.5,17.75,57.5,1031.1,1,No,27.5,Common,15.4
15.425,0,4,10.5,27.5,17.25,63,1028.275,0,No,27,Common,17.5
17.45,0,3.8,10.2,27,15,48,1024.125,3.5,No,34,Strong,17.2
17.225,0,4.6,10.5,34,17.25,45,1022.425,1,No,47.5,Strong,17.7
17.7,0,5,10,47.5,18.5,47,1016.875,3,No,63,Strong,14.3
14.325,0.4,6.6,10.7,63,21.25,42.5,1015.775,2,No,40,Strong,14.4
14.35,0,5.2,10.7,40,16,38,1018.1,1,No,43.5,Strong,12.1
12.1,0,3,0.2,43.5,17.5,66,1015.975,7,Yes,42.5,Strong,12.8
12.8,2.1,0.6,6.8,42.5,22.5,63.5,1013.875,4,Yes,52,Strong,13.3
13.3,3,3.2,0,52,14.25,87.5,1010.45,8,Yes,48,Strong,13.1
13.1,52.9,5.2,6.7,48,22.25,59,1010.4,5,No,46.5,Strong,11.8
11.75,0,4.6,7.8,46.5,22,55.5,1018.15,7,Yes,35,Strong,13.8
13.8,1.9,2.8,10.7,35,17.75,45,1021.825,1,No,33,Strong,14.1
14.125,0,3.8,10.7,33,18.5,43.5,1021.875,1.5,No,23,Common,14.3
14.3,0,4,6.1,23,13.5,45,1026.15,7,No,35,Strong,15.9
15.875,0,3.2,4.4,35,16.75,63.5,1024.925,6.5,No,56.5,Strong,19
19.025,0,5,2.3,56.5,28.25,55.5,1016.15,7,No,32.5,Strong,17.5
17.475,0,4.6,9.2,32.5,14.75,54,1017.725,2.5,Yes,34,Strong,16.5
16.525,13,6.2,0,34,12.75,94.5,1008.8,8,Yes,70.5,Strong,18
17.975,24.7,2.2,9.1,70.5,34.25,42.5,1001.325,4.5,No,38,Strong,15.1
15.075,0,5.6,10.9,38,12.5,43,1021.8,1,No,29.5,Common,15.5
15.475,0,3.4,11.1,29.5,19.5,51,1028.7,0,No,27.5,Common,15.9
15.9,0,5,10.8,27.5,17.25,59,1028.25,0,No,31.5,Strong,17.5
17.5,0,3.2,8.2,31.5,14.25,67.5,1030.45,4.5,No,47.5,Strong,18.8
18.75,0,3.8,7.1,47.5,22,65.5,1027.15,6,No,55.5,Strong,19.4
19.375,0,5,8.9,55.5,16.25,59,1018.8,5,Yes,63,Strong,18.6
18.575,1.4,7.4,9.3,63,30.25,40.5,1011.7,4.5,No,30.5,Strong,16.4
16.35,0,6.2,8.7,30.5,17,51,1018.075,3.5,No,29,Common,16.8
16.75,0,4.2,9.7,29,19,49.5,1019.95,3,No,34.5,Strong,17.9
17.925,0,5.6,1.5,34.5,15.25,75,1019.625,7.5,Yes,40.5,Strong,20.5
20.45,4.1,1.8,3.9,40.5,16,68,1011.075,7.5,No,69,Strong,18.5
18.45,0,6.6,8.1,69,40.5,30.5,1008.525,4,No,46.5,Strong,18.2
18.225,0.1,6.8,8.5,46.5,25.5,43.5,1016.075,4.5,No,37,Strong,16.7
16.7,0,5.4,8.8,37,15.5,45.5,1019.875,4,No,29,Common,16.1
16.05,0,6.6,0,29,11.25,73,1009.125,8,Yes,60,Strong,17.3
17.3,12.2,1,10.1,60,29.25,44.5,1008.65,1,No,29.5,Common,15.4
15.425,0,6.4,8.7,29.5,19.5,45.5,1017.4,7,No,33,Strong,18
17.95,0,4.8,2.9,33,14,66,1009.925,7.5,Yes,54,Strong,16.5
16.525,1.5,4,4.1,54,22,59.5,1006.45,5,No,64,Strong,17.7
17.725,1,3,8.2,64,29.75,56,1011.125,4,No,29,Common,17.4
17.375,0,4.8,10.1,29,14.5,60.5,1010.2,1,Yes,41,Strong,17.7
17.675,3.8,5.2,2.1,41,17.75,71,1006.35,7,Yes,42,Strong,16.2
16.225,4.8,4.2,10.1,42,20.75,45,1011.025,1,No,63,Strong,17
17,0,6.2,9.7,63,29.5,30,1008.2,2,No,38,Strong,15.3
15.25,0,7.2,11.4,38,15.5,42.5,1012.925,1,Yes,56.5,Strong,18.3
18.25,1.8,5.4,4.2,56.5,20,64.5,997.175,5,No,65,Strong,16.4
16.425,0.5,7.2,8.6,65,34.75,38.5,998.525,4.5,No,76,Strong,17.4
17.35,0,7.4,10.4,76,40.75,35,1005.275,3,No,42,Strong,18.9
18.925,0,8,11.1,42,16.5,42,1010.5,0,No,76,Strong,22.2
22.225,0,9,8.3,76,28,26.5,998.55,7,No,75.5,Strong,18.2
18.15,0,10.2,11.1,75.5,31.25,28,1005.7,1,No,63.5,Strong,17.6
17.625,0,11,11,63.5,30.5,23.5,1014.85,0.5,No,51,Strong,20.8
20.775,0,7.6,11.1,51,17,25,1017.925,6,No,42.5,Strong,23.7
23.7,0,8.6,9.3,42.5,18,27.5,1018.2,6,No,59.5,Strong,20
20.025,0.1,10,7.4,59.5,33,62.5,1017,5.5,No,57.5,Strong,20
20,0,7.4,8.4,57.5,20.25,44.5,1020.45,7,No,76,Strong,25.5
25.45,0,8.4,6.6,76,23.25,29.5,1005.9,6.5,Yes,60,Strong,16.3
16.25,3.7,10.2,11.4,60,25.75,30,1013.225,2,No,39,Strong,16.8
16.825,0,6.6,9.3,39,23.5,38,1014.45,3,Yes,61,Strong,14.9
14.9,5.2,7.4,7.9,61,32.5,64.5,1021.85,4.5,No,32.5,Strong,14.8
14.75,0.2,8.2,11.6,32.5,16.5,44,1024.525,1,No,53,Strong,18.1
18.05,0,5.6,12.2,53,21.75,43.5,1020.225,0,No,59.5,Strong,22.4
22.4,0,10,11,59.5,28.25,33,1011.575,0.5,No,50,Strong,20.5
20.525,0,11.8,2.4,50,24.5,63.5,1007.225,7,Yes,52,Strong,18.8
18.775,3,3,12.2,52,23.75,29.5,1012.6,2,No,48,Strong,19.9
19.9,0.1,11,11.1,48,18.5,28,1017.525,2.5,No,50.5,Strong,19
19,0,8,10.3,50.5,26.5,45.5,1022.875,5.5,No,51,Strong,20.9
20.85,0,7.4,8.4,51,26.25,56,1015.725,6,Yes,54.5,Strong,16.8
16.825,12.9,8.4,4.1,54.5,24,82,1010,7,No,63,Strong,14.3
14.25,1,4.8,10.4,63,31.5,50.5,1017.975,4.5,No,37,Strong,15.1
15.075,0.7,5.8,12.4,37,21.25,42,1018.1,1,No,39,Strong,17.9
17.925,0,6.8,12.3,39,18.5,49,1016.575,4,No,32.5,Strong,21.1
21.05,0,7.8,8.5,32.5,18.5,37,1014.725,7,No,46.5,Strong,19.9
19.9,0,8,6.2,46.5,26.5,66.5,1015.775,5.5,Yes,32.5,Strong,17.3
17.275,1,4.6,0.5,32.5,11.5,65,1019.55,8,Yes,44.5,Strong,20.4
20.35,3.7,1.6,7.9,44.5,20.25,74,1018.775,5.5,No,51,Strong,22.5
22.5,0.1,7,4.6,51,15.75,62,1009.925,7.5,Yes,54,Strong,19.2
19.2,1.1,6.6,12.9,54,26.75,25.5,1011.025,1,No,36,Strong,18
17.95,0,10.6,12.1,36,17.5,33.5,1012.2,2.5,No,41,Strong,18.4
18.375,0,7.2,12.8,41,21.5,32.5,1013.825,1,No,40,Strong,20.1
20.1,0,7.4,12.2,40,19.75,51.5,1016.725,1,No,38,Strong,23.5
23.525,0,8.4,12.8,38,13.75,38.5,1011.875,1.5,No,76,Strong,23.5
23.525,0,13.4,12.4,76,29.5,18.5,1004.65,1,No,52.5,Strong,20.1
20.075,0,14.4,12.3,52.5,26.75,26,1008.475,4,No,50.5,Strong,22.2
22.175,0,7.6,12.4,50.5,21.25,34,1008.6,1.5,No,57.5,Strong,22.6
22.625,0,11,4.1,57.5,20.5,55.5,1007.375,7,Yes,41.5,Strong,19.5
19.5,2.4,5.2,2.5,41.5,17.75,76.5,1011.625,7,Yes,29.5,Common,20.8
20.75,8.6,2.8,10.7,29.5,14.25,68,1008.2,4,No,36,Strong,21
20.975,0,7,11.1,36,18.25,65,1011.4,3,Yes,59,Strong,25.9
25.9,10.4,7.6,9.1,59,21.75,64,999.55,5,No,76.5,Strong,24.6
24.55,0,8,13,76.5,25.5,26.5,997.05,1,No,59.5,Strong,20.5
20.5,0,15.8,7,59.5,32.5,49.5,1003.275,5,No,42.5,Strong,18.8
18.825,0.6,5.8,9.4,42.5,20,55,1015.625,5,No,37,Strong,19.4
19.35,0,5.2,12.7,37,18,54.5,1020.7,1.5,No,43.5,Strong,20.8
20.75,0,7.4,12.8,43.5,17.5,57,1023.75,2.5,No,36,Strong,25.1
25.075,0,9.2,12.1,36,17.75,42.5,1015.325,1.5,No,50.5,Strong,21.4
21.425,0,8.6,3.7,50.5,27.25,66,1018.35,7,No,36,Strong,22.3
22.325,0,6,8.5,36,19,56,1019.675,5.5,No,44.5,Strong,24.8
24.825,0,7.4,6,44.5,13,66.5,1016.7,5.5,No,51.5,Strong,26.6
26.55,0,8,9.7,51.5,22.75,47.5,1013.225,2,No,48,Strong,23.7
23.725,0.4,10.4,5.9,48,17.5,74,1009.375,6,Yes,56.5,Strong,18.1
18.05,4.6,6.6,13.1,56.5,25.25,40.5,1012.5,1,No,37,Strong,19.8
19.825,0,8.8,13.1,37,23,42,1012.7,3,No,48,Strong,21.4
21.425,0,8,12.3,48,17.75,53.5,1015.475,2,No,36,Strong,21.6
21.575,0,9.8,1.7,36,23.25,68,1017.375,7,No,41.5,Strong,23.9
23.85,0,6,8.1,41.5,21,64.5,1012.625,3.5,No,46,Strong,21.9
21.875,0,7.8,7,46,25.5,68,1011.325,6.5,No,50,Strong,22
21.975,0,6.4,4.4,50,20.25,60,1010.675,4.5,No,41.5,Strong,24.1
24.05,0,7.4,8.1,41.5,15.75,57,1006.6,7,No,62,Strong,27.4
27.35,0.2,6,9.8,62,18.75,29,1007.925,4,No,42,Strong,23.5
23.5,0,11.2,9.7,42,17.25,60.5,1015.5,6,No,42.5,Strong,23.5
23.475,0,8,9.3,42.5,17.75,60,1014.5,7,No,64.5,Strong,26.6
26.55,0.9,7.6,2.9,64.5,17,66,1007.6,7,Yes,36,Strong,22.2
22.2,6.6,7,0,36,11.5,85,1011.425,8,Yes,37,Strong,21.9
21.875,6.5,1.4,9.3,37,21.75,68.5,1014.8,4.5,No,63,Strong,24.6
24.575,0.1,8,12.2,63,22.75,59.5,1003.95,1.5,No,72,Strong,22.8
22.775,0.2,13.6,13.4,72,38.5,32.5,1008.975,1,No,41.5,Strong,20.2
20.2,0,9,9.8,41.5,20,54.5,1021.6,2.5,No,44.5,Strong,23.3
23.25,0,9,11.4,44.5,24,56.5,1021.25,2,No,54.5,Strong,24.5
24.475,0,10.6,12.4,54.5,23.75,54.5,1020.275,3.5,No,50,Strong,29.7
29.7,0,10.2,11.4,50,14.75,39.5,1013.075,4,No,58,Strong,32.3
32.325,0,13.4,2.5,58,31,19,1007.725,7,Yes,45,Strong,18
17.975,6.2,8.8,0,45,20.5,86.5,1017.375,8,Yes,30,Common,21.3
21.275,28.8,1,0,30,13,91,1011.35,8,Yes,73,Strong,26.1
26.1,10.9,1.4,12.7,73,16,46,1006.225,3.5,No,59,Strong,19.7
19.65,0.1,10,0.7,59,22.25,58,1019.475,8,No,48,Strong,20.6
20.575,0.1,7.8,7.1,48,22,47,1019.225,4.5,No,55.5,Strong,22.7
22.725,0,7,12,55.5,16.5,50,1007.725,2.5,No,54,Strong,22.2
22.225,0,10,10.4,54,22,60,1012.3,2.5,No,37,Strong,22.3
22.3,0,9.2,3.7,37,18,56.5,1018.725,6.5,No,51,Strong,23.1
23.1,0,7.6,7.9,51,27.25,54,1017.9,3.5,No,42.5,Strong,23.6
23.575,0,9.4,4.3,42.5,15.5,61.5,1014.75,7,Yes,53.5,Strong,23.6
23.6,1,4.6,12.8,53.5,18,59.5,1016.275,3,No,57.5,Strong,25.6
25.6,0,11.2,10.9,57.5,22.75,53.5,1012.925,1,No,44.5,Strong,24.9
24.875,0,11.2,6,44.5,20,70.5,1013.975,7,No,63,Strong,25.4
25.425,0,7.8,9.4,63,24.25,56,1011.25,6,No,30.5,Strong,30
29.95,0,10.4,4.8,30.5,18,38.5,1005.625,6.5,No,36.5,Strong,29
29,0,9.2,0.5,36.5,11.75,52,1002.525,7.5,No,38,Strong,25.8
25.75,0.1,8.2,4.8,38,21.25,69.5,1003.7,6.5,No,27.5,Common,24.5
24.525,0,6.8,0,27.5,15.25,71,1006.45,7.5,No,61.5,Strong,23.3
23.325,0.7,3.4,3.5,61.5,31,70,1010.9,6,Yes,51,Strong,22
21.95,2.4,6.2,8.8,51,26,71,1018.45,7,Yes,32,Strong,22.9
22.85,1.3,7.8,5.6,32,23,49.5,1020.775,7,Yes,32.5,Strong,22.3
22.25,5.1,6,0.5,32.5,15.75,80.5,1018.1,7.5,Yes,37,Strong,23.4
23.35,8.5,3.8,4.8,37,19.5,71,1017.925,6.5,Yes,48.5,Strong,23.1
23.05,9.4,6.6,11.5,48.5,16,62.5,1016.675,3,No,56.5,Strong,24.3
24.325,0,10.4,11.7,56.5,21.25,51,1011.65,4,No,35,Strong,25.5
25.525,0,9.6,9.2,35,14.25,63,1010.325,2,No,32,Strong,27.7
27.65,0.8,8.2,8.8,32,16.25,57.5,1009.925,5.5,No,66.5,Strong,30.9
30.875,0,7.4,10.9,66.5,16,47.5,1005.375,5.5,No,34,Strong,25.3
25.3,0,9.4,7.2,34,15,62.5,1011.575,4.5,No,63,Strong,27.3
27.275,0,8.6,8.9,63,28.75,60.5,1004.925,4.5,No,35,Strong,28
28,0,10.6,7.1,35,13.75,57.5,1003.35,4.5,No,36,Strong,24.7
24.65,0,8,6.9,36,20.75,58.5,1015.475,6.5,No,56.5,Strong,25.2
25.225,0,7.2,12.1,56.5,29.25,54.5,1015.425,1.5,No,53.5,Strong,29
29.025,0,10.4,11.9,53.5,15,51,1010.725,3,No,60,Strong,31.8
31.75,0,13.8,11.1,60,29.25,45,1006.075,1.5,No,40,Strong,22.4
22.35,0,12.6,0,40,19.75,57,1014.525,8,No,70.5,Strong,24.7
24.675,0,5.8,2.6,70.5,27,64.5,997.525,7,Yes,54.5,Strong,23.6
23.575,9,6.2,9.7,54.5,24,50,1011.375,4,No,41.5,Strong,23.5
23.45,0,9.1,10.7,41.5,16.75,53.5,1016.8,2.5,No,64,Strong,27.7
27.65,0,9.6,12.1,64,24.25,55,1012.375,2,No,69.5,Strong,31.2
31.15,0,12,2.6,69.5,16.5,33.5,1007.7,6.5,Yes,38,Strong,22.4
22.35,11,10.2,0.3,38,15.25,68,1019.3,7.5,No,39.5,Strong,22.5
22.5,0,2.8,0.4,39.5,16.75,73,1015.475,7,No,35,Strong,23.6
23.55,0.2,4.2,6,35,16.25,64.5,1017.725,5.5,No,52,Strong,25.7
25.675,0,5.4,12.2,52,17.25,59.5,1013.875,1,No,40.5,Strong,25.7
25.7,0,11.4,6.8,40.5,21,74.5,1016.175,6.5,No,66,Strong,29.1
29.075,0,6,12,66,21.75,60,1010,2,No,64.5,Strong,32
31.975,0,11.8,4.8,64.5,22.5,54.5,1008.925,7,Yes,36,Strong,21.9
21.9,1.4,9.2,0,36,10.75,86.5,1014.4,8,Yes,53,Strong,23.3
23.25,2.3,0,6,53,29.75,69.5,1013.625,7,No,29.5,Common,24.8
24.75,0,6.6,0.1,29.5,17.25,70,1014.475,8,No,39,Strong,26.9
26.9,0,4.4,7.2,39,14,74,1012.15,6.5,No,44.5,Strong,30.8
30.825,0,9.6,7,44.5,11.75,43.5,1008.7,7,No,54.5,Strong,28.5
28.525,0,11.8,10.9,54.5,22.5,65.5,1010.425,1,Yes,59,Strong,23.7
23.65,3.3,8.2,1.3,59,28.25,91,1018.2,7.5,Yes,49,Strong,24
23.95,68.2,3.4,5.9,49,31,79.5,1022,7,Yes,56.5,Strong,26.8
26.8,5.1,5.2,11.8,56.5,22.5,63,1015.7,2,No,50,Strong,31.8
31.8,0,10,12,50,13.75,45.5,1008.15,4,No,68.5,Strong,30.5
30.525,0,11,11.4,68.5,15.5,60,1005.125,4,No,67.5,Strong,27
27.025,0,10.4,7.8,67.5,24,73,999.35,4,No,38,Strong,22
21.975,0.7,7,12.8,38,23.75,34.5,1007.825,1,No,47,Strong,22.1
22.125,0.4,9,1.9,47,25.5,74.5,1015.425,5,Yes,41.5,Strong,22.4
22.375,33.1,1.2,10.1,41.5,14.75,60.5,1015.45,3,No,55.5,Strong,25.7
25.725,0,8,11.1,55.5,18.5,55.5,1010.45,1,No,68.5,Strong,27
26.975,0,11.2,6.6,68.5,17,60.5,1007.65,5.5,Yes,46.5,Strong,25.4
25.4,5.1,5.4,7,46.5,22.25,72.5,1005.975,2.5,Yes,52,Strong,22.2
22.225,1.8,6.4,7.9,52,19.5,61.5,1007.425,3.5,No,62,Strong,23
23.025,3.9,8,12.5,62,27.5,25.5,1010.175,0,No,37,Strong,22.2
22.175,0,10.4,11.7,37,17.25,42,1019.125,4,No,52.5,Strong,24.2
24.15,0,7,12.2,52.5,25,50.5,1019.95,1.5,No,51,Strong,25.4
25.4,0,11.6,11.5,51,24,55,1018.375,1,No,39.5,Strong,24.2
24.15,0,10.6,5.7,39.5,17.25,72,1019.725,7.5,Yes,50.5,Strong,20
20.025,4.8,4.4,0,50.5,26.5,91,1020.325,8,Yes,49,Strong,21.4
21.425,29.8,5.8,5.3,49,24,64,1021.825,4.5,Yes,44,Strong,22.5
22.525,19.9,7.6,7.5,44,23.75,58.5,1023.475,5,Yes,48,Strong,23.7
23.725,1.8,5.6,9.2,48,20,64.5,1022.05,6,Yes,39,Strong,23.1
23.125,22,7.2,2.2,39,15.75,86,1020.3,6.5,Yes,28.5,Common,23.3
23.25,10.7,3.6,7.6,28.5,14.5,78,1017.075,4,Yes,56.5,Strong,22.7
22.7,25.8,5.2,1.4,56.5,18.25,90,1016.5,7.5,Yes,55,Strong,21.8
21.75,21.9,4,0.2,55,26,91.5,1014.175,7,Yes,57.5,Strong,21.2
21.225,7.4,2.4,0,57.5,23.5,81,1009.875,7,Yes,67,Strong,22.1
22.075,1.8,4,7.7,67,34.75,62.5,1013.025,4,No,59.5,Strong,20.5
20.475,0.7,9.4,3.6,59.5,27.25,76.5,1017.675,7,Yes,47,Strong,20.4
20.4,5.9,8.8,1.4,47,20,66,1018,8,No,44.5,Strong,21.2
21.225,0.7,5.4,2.7,44.5,25.25,64.5,1016.55,7,No,46,Strong,21.1
21.1,0.4,5.4,7.4,46,24,66.5,1014.5,3,No,33,Strong,21.2
21.175,0.1,5,10.7,33,18.5,59.5,1013.25,3.5,No,51.5,Strong,22.5
22.5,0,7.2,10.6,51.5,20.25,57.5,1009.075,1,No,57.5,Strong,24.8
24.8,0,7.2,6.2,57.5,19,69,1011.65,6,No,45,Strong,24.6
24.6,0.4,7.6,0.5,45,21,75,1019.725,7.5,Yes,52,Strong,23.2
23.175,20.5,5,5.5,52,31.5,74.5,1019.725,6.5,Yes,54,Strong,24
23.975,17.9,7.6,1,54,26.25,87.5,1011.075,7.5,Yes,67.5,Strong,21.5
21.475,17.2,3,1.3,67.5,37,86.5,1019.45,8,Yes,70.5,Strong,22.3
22.3,35.7,2.8,3.6,70.5,27.25,86.5,1022.7,7.5,Yes,56.5,Strong,22.6
22.6,3.6,5,5.5,56.5,29.5,70,1019.175,7,No,45.5,Strong,25.5
25.5,4.3,8.4,4.4,45.5,20.25,73.5,1016.925,7,No,30.5,Strong,25.8
25.8,0,5.2,1.5,30.5,15,75.5,1014.075,6.5,Yes,60,Strong,27
27,27.7,6,4.4,60,12.5,71.5,1011.575,6.5,Yes,47.5,Strong,21.9
21.85,10.6,5,0.2,47.5,24.25,78,1017.975,7.5,Yes,46.5,Strong,21.1
21.075,11.7,7.8,5.5,46.5,18,80.5,1019.475,4.5,Yes,29.5,Common,22.3
22.325,3.1,3.2,4.9,29.5,14.25,69.5,1015.9,6.5,No,30.5,Strong,23.2
23.15,0,3,11,30.5,16.25,71.5,1015.225,1.5,No,45.5,Strong,23.8
23.775,0,5.8,11,45.5,20.25,70,1014.6,1,No,60.5,Strong,22.6
22.55,0,7.4,0,60.5,19.5,79.5,1013.2,7.5,No,35.5,Strong,25.2
25.225,0,2.4,8.4,35.5,15.25,78.5,1009.75,4.5,Yes,70.5,Strong,25.2
25.175,1.2,7.4,0,70.5,25.75,81,1007.35,8,Yes,56.5,Strong,18.7
18.725,32.6,5,9.9,56.5,29.25,63,1016.025,3,No,39,Strong,20
19.95,0,5,10.7,39,16,59,1017.375,1.5,No,53.5,Strong,19.5
19.5,0.3,5,5.8,53.5,27.25,70,1024.875,6,Yes,53,Strong,18.3
18.325,33.1,4.2,1.5,53,23.75,74.5,1027.375,7.5,Yes,46.5,Strong,19.1
19.05,7.5,0.4,6.4,46.5,18.75,72.5,1027.175,4.5,No,38,Strong,19
18.975,2.5,5.4,10.2,38,18.75,57,1024.725,3,No,27,Common,18.4
18.375,0.1,6,8.7,27,16,57,1025,2.5,No,29,Common,19.1
19.1,0,3.4,10.6,29,12.5,56.5,1027.025,2,No,38,Strong,20.2
20.15,0,5,9.8,38,19.25,57.5,1023.675,4,No,79,Strong,22.3
22.3,0,7,9.6,79,16,52.5,1011.1,2.5,Yes,55.5,Strong,15.3
15.3,8.4,7.8,6.1,55.5,28.75,54,1008.875,7,No,57.5,Strong,17.9
17.875,0,3.6,2.1,57.5,27.25,57.5,1017.275,7,Yes,49.5,Strong,18.5
18.45,6.5,4.2,2.8,49.5,23.75,77,1022.875,7,Yes,39.5,Strong,18.9
18.9,24,2.4,9.2,39.5,19,69.5,1022.375,3.5,No,26,Common,18.8
18.75,0,4,10.8,26,14.5,58,1020.65,1,No,27,Common,18.3
18.275,0,5.2,9.8,27,14.5,65.5,1019.825,2.5,No,38,Strong,20.9
20.875,0.5,4.4,8.1,38,14.5,58.5,1018.725,4,No,25,Common,19
18.975,0,3,8.9,25,14,65,1023.25,2,No,25,Common,20.3
20.325,0,4,9.3,25,15.75,64.5,1026.125,1,No,34.5,Strong,19.9
19.875,0,4.6,6.1,34.5,18.75,67.5,1029.325,4.5,No,33.5,Strong,20.4
20.4,4.2,3.8,9.9,33.5,16,67,1028.875,3,No,28.5,Common,19.7
19.725,0,4,7.2,28.5,16.25,63,1026.55,5.5,No,21.5,Common,21.5
21.475,0,4.2,3.5,21.5,11.25,65.5,1023.95,6,No,24,Common,21
20.95,0,3.6,9.5,24,14.5,68.5,1022.475,1.5,No,27,Common,20.1
20.125,0,3,10,27,16,67.5,1020.475,2,No,42.5,Strong,22.9
22.9,0,4.4,3,42.5,18,67.5,1011.2,7,Yes,74,Strong,20.8
20.8,1.1,4.6,7.9,74,33.5,51,1005.3,4,No,49,Strong,15.4
15.375,0.3,7,8.2,49,26.25,52,1015.525,3,No,48,Strong,15.4
15.375,0,5,10.4,48,18.75,50.5,1021.525,3,No,28.5,Common,16.2
16.2,0,3.6,10.5,28.5,17.75,58,1019.525,2,No,32.5,Strong,17.9
17.875,0,3,7.8,32.5,13.5,65.5,1021.95,5.5,No,32.5,Strong,19.7
19.65,0,4,9.5,32.5,15.25,58.5,1017.075,5,No,43.5,Strong,19.4
19.35,0,5,8.4,43.5,15.75,49.5,1016.725,4.5,Yes,47.5,Strong,16.9
16.875,0.9,5,3.4,47.5,19,72,1027.225,7,Yes,24,Common,16
15.975,10.1,3.8,3.3,24,11.5,64.5,1030.5,6.5,No,28,Common,17.7
17.7,0.4,2.4,8.5,28,16.5,63.5,1029.4,1,No,36.5,Strong,19.4
19.375,0,4,8.4,36.5,14,57,1023.475,6.5,No,52,Strong,18.1
18.075,0.1,4,10,52,21.75,42,1023.5,1,No,37,Strong,14.7
14.675,0,5,9.9,37,18.75,48.5,1026.5,1.5,No,36,Strong,15.3
15.275,0,9.6,7.5,36,17.75,59.5,1025.425,3,No,35,Strong,15.6
15.55,0,3.4,10,35,16.25,63.5,1023.525,1,No,30,Common,15.9
15.85,0,2,8.5,30,19,67.5,1023.825,4,No,31.5,Strong,16
15.975,0.2,2.6,1.7,31.5,17,74.5,1025.7,7,Yes,29.5,Common,18.1
18.1,2.2,0.6,7.3,29.5,14.25,75,1023.275,4,No,31.5,Strong,16.8
16.8,0.1,4,0.3,31.5,13.75,80.5,1020.525,7,Yes,46.5,Strong,16.5
16.5,2.6,1.6,5.5,46.5,22,67.5,1015.5,4,No,34,Strong,16
16,0.1,3,9.9,34,18,54,1017.225,1,No,27,Common,15.3
15.325,0.1,3.4,9.5,27,16.75,61.5,1022.325,1.5,No,34,Strong,17.1
17.125,0,3.6,6.4,34,19,70,1025.825,5.5,No,42,Strong,18.4
18.4,0,1.4,0.5,42,16.25,77,1023.075,7,Yes,32.5,Strong,20.2
20.15,12.7,1,5.4,32.5,10,76,1016.625,5.5,No,28,Common,17.9
17.925,0.3,4,9.2,28,16.75,65.5,1020.125,1.5,No,21,Common,17
16.975,0,1,6.9,21,14,73.5,1023.25,3,No,25,Common,19.2
19.15,0,2.4,8.8,25,14,73,1019.575,1.5,No,53,Strong,18.9
18.85,0.9,3.4,9,53,16.5,55,1013.725,3,No,36,Strong,16.5
16.45,0.1,5.6,9.6,36,15.75,52.5,1020.025,0.5,No,32.5,Strong,15.1
15.05,0,1.8,9.8,32.5,17,61.5,1020.7,2.5,No,26,Common,16.5
16.45,0,2.8,7,26,16,72,1019.625,3,No,49,Strong,17.6
17.625,0,2.4,8.4,49,20.5,59.5,1011,3.5,No,52,Strong,14.7
14.675,0,5.2,9.4,52,19.25,40,1018.25,1,No,39,Strong,12.5
12.5,0,3.4,9.7,39,17.5,48,1021.625,3.5,No,55.5,Strong,12.9
12.9,0.1,3.4,7.8,55.5,31,58,1025.725,5,No,44.5,Strong,12.6
12.575,0,4.8,9.7,44.5,27,52,1031.975,1,No,45.5,Strong,12.9
12.85,0,3.2,4.8,45.5,23,58,1031.7,2.5,No,45.5,Strong,14
14.025,0,3.4,2.1,45.5,22,68,1029.9,5.5,Yes,30.5,Strong,14.6
14.6,1.8,0.6,6.8,30.5,16.75,70.5,1026.325,1.5,No,27,Common,14.6
14.625,0.1,2.8,9.4,27,12.25,60.5,1023.175,4,No,57.5,Strong,13.2
13.225,0,2.2,7.2,57.5,16.75,53,1018.7,2,Yes,65,Strong,12.6
12.6,44,2.6,0,65,25,90.5,1019.825,8,Yes,56.5,Strong,15
14.975,51.3,1.8,1.3,56.5,18.75,90,1023.8,5.5,Yes,54.5,Strong,14.7
14.7,5.3,1.6,4.8,54.5,24.25,80,1027.1,6.5,Yes,48,Strong,15.6
15.55,27.2,3.6,0.2,48,20.5,78,1031.075,7,Yes,24,Common,14.7
14.7,2.6,1.6,0.2,24,10.25,90.5,1027.5,5.5,Yes,33.5,Strong,15.6
15.6,0.6,0.8,7.5,33.5,16,82,1024.45,2.5,No,45.5,Strong,13.9
13.85,0.1,2.2,9.1,45.5,20.25,74.5,1029.525,2.5,Yes,28.5,Common,14.9
14.85,1.5,1.8,2.9,28.5,9.5,79.5,1029.775,5,No,29.5,Common,15.8
15.825,0.4,1.2,6.4,29.5,14,76,1026.075,4,No,28.5,Common,15
15,0,1.6,0.2,28.5,15,79.5,1024.825,7,No,35,Strong,15.8
15.8,0,1,0.2,35,16.25,79.5,1023.025,7,Yes,56.5,Strong,14.9
14.9,1.4,2,6.3,56.5,27.5,76.5,1025.7,4,No,47,Strong,14.7
14.65,0.2,2.2,1.9,47,23.25,77,1029.35,6.5,Yes,29.5,Common,15.4
15.35,3,2.2,5.8,29.5,13.5,77,1026.9,3.5,No,46.5,Strong,13.9
13.85,0.1,2,7.8,46.5,20.75,65.5,1025.55,2,No,32.5,Strong,14
13.95,0.1,2,9.2,32.5,11.25,69,1026.5,2,No,27,Common,13.8
13.8,0,2.4,2.7,27,14,70.5,1017.825,6,No,43,Strong,14.7
14.675,0,1.4,9.3,43,21.5,48.5,1016.225,3.5,No,0,Common,13.3
